name,actions,cost,frequency,sustained,toggle,cooldown,requirements,trigger,desc,specialdesc,critsuccess,success,failure,critfailure,hint,showon,gainConditions/0/addValue,gainConditions/0/duration,gainConditions/0/name,gainConditions/0/source,gainItems/0/name,gainItems/0/type,inputRequired,onceEffects/0/affected,onceEffects/0/value,traits/0,traits/1,traits/2,traits/3,traits/4,traits/5,traits/6
Flurry of Blows,1A,,,,,,,,"Make two unarmed Strikes. If both hit the same creature, combine their damage for the purpose of resistances and weaknesses. Apply your multiple attack penalty to the Strikes normally. As it has the flourish trait, you can use Flurry of Blows only once per turn.",,,,,,,,,,,,,,,,,Flourish,Monk,,,,,
Crane Stance,1A,,,,TRUE,,You are unarmored.,,"You enter the stance of a crane, holding your arms in an imitation of a crane's wings and using flowing, defensive motions. You gain a +1 circumstance bonus to AC, but the only Strikes you can make are crane wing attacks. These deal 1d6 bludgeoning damage; are in the brawling group; and have the agile, finesse, nonlethal, and unarmed traits.

While in Crane Stance, reduce the DC for High Jump and Long Jump by 5, and when you Leap, you can move an additional 5 feet horizontally or 2 feet vertically.",,,,,,The only Strikes you can make are crane wing attacks.,Attacks,,,Crane Stance,Crane Stance,Crane Wing,weapons,,,,Monk,Stance,,,,,
Dragon Stance,1A,,,,TRUE,,You are unarmored.,,"You enter the stance of a dragon and make powerful leg strikes like a lashing dragon's tail. You can make dragon tail attacks that deal 1d10 bludgeoning damage. They are in the brawling group and have the backswing, nonlethal, and unarmed traits.

While in Dragon Stance, you can ignore the first square of difficult terrain while Striding.",,,,,,,,,,Dragon Stance,Dragon Stance,Dragon Tail,weapons,,,,Monk,Stance,,,,,
Mountain Stance,1A,,,,TRUE,,You are unarmored and touching the ground.,,"You enter the stance of an implacable mountain - a technique first discovered by dwarven monks - allowing you to strike with the weight of an avalanche. The only Strikes you can make are falling stone unarmed attacks. These deal 1d8 bludgeoning damage; are in the brawling group; and have the forceful, nonlethal, and unarmed traits.

While in Mountain Stance, you gain a +4 status bonus to AC and a +2 circumstance bonus to any defenses against being Shoved or Tripped. However, you have a Dexterity modifier cap to your AC of +0, meaning you don't add your Dexterity to your AC, and your Speeds are all reduced by 5 feet.",,,,,,The only Strikes you can make are falling stone unarmed attacks.,Attacks,,,Mountain Stance,Mountain Stance,Falling Stone,weapons,,,,Monk,Stance,,,,,
Rain of Embers Stance,1A,,,,TRUE,,You are unarmored and touching the ground.,,"You enter the stance of an enraged phoenix, holding your fingers as rigid as deadly talons while moving with quick, flickering gestures that flicker with dancing flames. The only Strikes you can make are fire talon Strikes. These deal 1d4 fire damage; are in the brawling group; and have the agile, finesse, fire, nonlethal, and unarmed traits.

While in Rain of Embers Stance, you gain a +1 status bonus to AC and fire resistance equal to half your level (minimum 1).",,,,,,The only Strikes you can make are fire talon Strikes.,Attacks,,,Rain of Embers Stance,Rain of Embers Stance,Fire Talon,weapons,,,,Monk,Stance,,,,,
Tiger Stance,1A,,,,TRUE,,You are unarmored.,,"You enter the stance of a tiger and can make tiger claw attacks. These deal 1d8 slashing damage; are in the brawling group; and have the agile, finesse, nonlethal, and unarmed traits. On a critical success with your tiger claws, if you deal damage, the target takes 1d4 persistent bleed damage.

As long as your Speed is at least 20 feet while in Tiger Stance, you can Step 10 feet.",,,,,,,,,,Tiger Stance,Tiger Stance,Tiger Claw,weapons,,,,Monk,Stance,,,,,
Wolf Stance,1A,,,,TRUE,,You are unarmored.,,"You enter the stance of a wolf, low to the ground with your hands held like fanged teeth. You can make wolf jaw unarmed attacks. These deal 1d8 piercing damage; are in the brawling group; and have the agile, backstabber, finesse, nonlethal, and unarmed traits.

If you're flanking a target while in Wolf Stance, your wolf jaw unarmed attacks also gain the trip trait.",,,,,,,,,,Wolf Stance,Wolf Stance,Wolf Jaw,weapons,,,,Monk,Stance,,,,,
Deflect Arrows,Reaction,,,,,,"You're aware of the attack, are not flat-footed against it, and have a hand free.",You are the target of a physical ranged attack.,"You gain a +4 circumstance bonus to AC against the triggering attack. If the attack misses, you have deflected it. You cannot use this feat to deflect unusually massive ranged projectiles (such as boulders or ballista bolts).",,,,,,,,,,,,,,,,,Monk,,,,,,
Flying Kick,2A,,,,,,,,"You launch yourself at a foe. Make a Leap or attempt a High Jump or Long Jump. At the end of the jump, if you're adjacent to a foe, you can immediately Strike that foe with an unarmed attack, even if the foe is in mid-air. You fall to the ground after the Strike. If the distance you fall is no more than the height of your jump, you land upright and take no damage.",,,,,,,,,,,,,,,,,Monk,,,,,,
Stand Still,Reaction,,,,,,,A creature within your reach uses a move action or leaves a square during a move action it's using.,"You strike out when your foe tries to flee. Make a melee Strike against the triggering creature. If the attack is a critical hit and the trigger was a move action, you disrupt that action.",,,,,,,,,,,,,,,,,Monk,,,,,,
Crane Flutter,Reaction,,,,,,,You are targeted with a melee attack by an attacker you can see.,"You interpose your arm between yourself and your opponent. Your circumstance bonus to AC from Crane Stance increases to +3 against the triggering attack. If the attack misses you, you can immediately make a crane wing Strike against the attacker at a -2 penalty, even if the attacker isn't within your reach.",,,,,,,,,,,,,,,,,Monk,,,,,,
Dragon Roar,1A,,,,,,You are in Dragon Stance.,,"You bellow, instilling fear in your enemies. Enemies within a 15-foot emanation must succeed at a Will save against your Intimidation DC or be frightened 1 (frightened 2 on a critical failure). When a creature frightened by the roar begins its turn adjacent to you, it can't reduce its frightened value below 1 on that turn. Your first attack that hits a frightened creature after you roar and before the end of your next turn gains a +4 circumstance bonus to damage.

After you use Dragon Roar, you can't use it again for 1d4 rounds. Its effects end immediately if you leave Dragon Stance. Creatures in the area of your roar are then temporarily immune for 1 minute.",,,,,,,Dragon Stance,,,,,,,,,,Auditory,Emotion,Fear,Mental,Monk,,
Mountain Stronghold,1A,,,,,,You are in Mountain Stance.,,You focus on your connection to the earth and call upon the mountain to block attacks against you. You gain a +2 circumstance bonus to AC until the beginning of your next turn.,,,,,,,Mountain Stance,,10,Mountain Stronghold,Mountain Stronghold,,,,,,Monk,,,,,,
Tiger Slash,2A,,,,,,You are in Tiger Stance.,,"You make a fierce swipe with both hands. Make a tiger claw Strike. It deals two extra weapon damage dice (three extra dice if you're 14th level or higher), and you can push the target 5 feet away as if you had successfully Shoved them. If the attack is a critical success and deals damage, add your Strength modifier to the persistent bleed damage from your tiger claw.",,,,,,,Tiger Stance,,,,,,,,,,Monk,,,,,,
Whirling Throw,1A,,,,,,You have a creature grabbed or restrained.,,"You propel your grabbed or restrained foe a great distance. You can throw the creature any distance up to 10 feet, plus 5 feet Ã— your Strength modifier. If you successfully throw the creature, it takes bludgeoning damage equal to your Strength modifier plus 1d6 per 10 feet you threw it.

Attempt an Athletics check against the foe's Fortitude DC. You take a -2 circumstance penalty to your check if the target is one size larger than you and a -4 circumstance penalty if it's larger than that. You gain a +2 circumstance bonus to your check if the target is one size smaller than you and a +4 circumstance bonus if it's smaller than that.",,You throw the creature the desired distance and it lands prone.,You throw the creature the desired distance.,You don't throw the creature.,"You don't throw the creature, and it's no longer grabbed or restrained by you.",,,,,,,,,,,,Monk,,,,,,
Wolf Drag,2A,,,,,,You are in Wolf Stance.,,"You rip your enemy off their feet. Make a wolf jaw Strike. Your wolf jaw gains the fatal d12 trait for this Strike, and if the attack succeeds, you knock the target prone.",,,,,,,Wolf Stance,,,,,,,,,,Monk,,,,,,
Ironblood Stance,1A,,,,TRUE,,You are unarmored.,,"You enter the stance of impenetrable iron, refusing to yield to any blow. You can make iron sweep unarmed attacks. These deal 1d8 bludgeoning damage; are in the brawling group; and have the nonlethal, parry, sweep, and unarmed traits.

While in Ironblood Stance, you gain resistance 2 to all damage. The resistance increases to 3 at 12th level, to 4 at 16th level, and to 5 at 20th level.",,,,,,,,,,Ironblood Stance,Ironblood Stance,Iron Sweep,weapons,,,,Monk,Stance,,,,,
Mixed Maneuver,2A,,,,,,,,"You combine two different maneuvers together into a single flowing whole. Choose any two of Grapple, Shove, and Trip. Attempt both of the attacks you chose against the same or different creatures, but don't apply the multiple attack penalty until after resolving both attacks.",,,,,,,,,,,,,,,,,Monk,,,,,,
Tangled Forest Stance,1A,,,,TRUE,,You are unarmored.,,"You extend your arms like gnarled branches to interfere with your foes' movements. You can make lashing branch unarmed attacks. These deal 1d8 slashing damage; are in the brawling group; and have the agile, finesse, nonlethal, and unarmed traits.

While you're in Tangled Forest Stance and can act, every enemy in your reach that tries to move away from you must succeed at a Reflex save, Acrobatics check, or Athletics check against your class DC or be immobilized for that action. If you prefer, you can allow the enemy to move.",,,,,,,,,,Tangled Forest Stance,Tangled Forest Stance,Lashing Branch,weapons,,,,Monk,Stance,,,,,
Wall Run,1A,,,,,,,,"You defy gravity, traversing vertical planes as easily as the ground. Stride up to your Speed. You must start your movement on a horizontal surface. During this movement, you can run up vertical surfaces, like walls, at your full Speed. If you end the Stride off the ground, you fall after taking your next action or when your turn ends, whichever comes first (though you can Grab an Edge, if applicable). If you have Water Step or a similar ability, Wall Run lets you run along flimsy vertical surfaces, as well as vertical liquids, such as a waterfall.",,,,,,,,,,,,,,,,,Monk,,,,,,
Knockback Strike,2A,,,,,,,,"You focus your strength into a blow powerful enough to push an enemy away from you. Make an unarmed Strike. If you hit, attempt an Athletics check to Shove the target. This attack uses the same multiple attack penalty as your Strike, and doesn't count toward your multiple attack penalty.",,,,,,"If the Knockback Strike hits, attempt an Athletics check to Shove the target. This attack uses the same multiple attack penalty as your Strike, and doesn't count toward your multiple attack penalty.",,,,,,,,,,,Monk,,,,,,
Sleeper Hold,1A,,,,,,You have a creature grabbed or restrained.,,"You pinch crucial points of your target's nervous system, impeding its ability to function. Attempt an Athletics check to Grapple the creature, with the following success and critical success effects instead of the usual effects.",,"The target falls unconscious for 1 minute, though it remains standing and doesn't drop what it holds.",The target is clumsy 1 until the end of its next turn.,,,,,,,,,,,,,,Attack,Incapacitation,Monk,,,,
Winding Flow,1A,,once per round,,,,,,"Any journey consists of more than simply reaching your destination. You use two of the following actions in any order: Stand, Step, and Stride. You can't use the same action twice.",,,,,,,,,,,,,,,,,Monk,,,,,,
Disrupt Ki,2A,,,,,,,,"Make an unarmed Strike. If it deals damage to a living creature, you block that creature's inner life force. The creature takes 2d6 persistent negative damage and is enfeebled 1 until the persistent damage ends. If you're 18th level or higher, this deals 3d6 persistent negative damage instead.",,,,,,,,,,,,,,,,,Monk,Negative,,,,,
Stance Savant (Monk),Free,,,,,,,You roll initiative.,You enter a stance without a thought. Use an action that has the stance trait.,,,,,,,"Crane Stance, Dragon Stance, Mountain Stance, Rain of Embers Stance, Tiger Stance, Wolf Stance, Ironblood Stance, Tangled Forest Stance",,,,,,,,,,Monk,,,,,,
Ironblood Surge,1A,,,,,,You are in Ironblood Stance.,,"You steel yourself, preparing to resist oncoming attacks and using your muscles to absorb the impact. You gain the benefits of your iron sweep's parry trait (a +1 circumstance bonus to AC until the start of your next turn) and your resistance from Ironblood Stance increases to your Strength modifier (if it's higher) for the same duration.",,,,,,,Ironblood Stance,,10,Ironblood Surge,Ironblood Surge,,,,,,Monk,,,,,,
Mountain Quake,1A,,,,,,You are in Mountain Stance.,,"You stomp, shaking the earth beneath you. Creatures on the ground within a 20-foot emanation take damage equal to your Strength modifier (minimum 0), which they can resist with a basic Fortitude save. On a failure, they also fall prone. After you use this action, you can't use it again for 1d4 rounds.",,,,,,,Mountain Stance,,,,,,,,,,Monk,,,,,,
Tangled Forest Rake,1A,,,,,,You are in Tangled Forest Stance.,,"You reposition foes with raking attacks. Make a lashing branch Strike. If you hit and deal damage, you force the target to move 5 feet into a space within your reach. This follows the forced movement rules.",,,,,,,Tangled Forest Stance,,,,,,,,,,Monk,,,,,,
Master of Many Styles,Free,,,,,,This is the first action of your turn.,,You move between stances in an unceasing dance. You use an action with the stance trait.,,,,,,,"Crane Stance, Dragon Stance, Mountain Stance, Rain of Embers Stance, Tiger Stance, Wolf Stance, Ironblood Stance, Tangled Forest Stance",,,,,,,,,,Monk,,,,,,
Shattering Strike,2A,,,,,,,,"The force of your considered blow shatters objects and defenses alike. Make an unarmed Strike. It bypasses the target's resistances. If the target has Hardness, the Strike treats the Hardness as if it were half its value.",,,,,,,,,,,,,,,,,Monk,,,,,,
Wild Winds Gust,2A,,,,,,You are in Wild Winds Stance.,,"You store up energy and release it in an enormous gust of rushing wind. Make a wind crash Strike against each creature in your choice of a 30-foot cone or a 60 foot line. These attacks all count toward your multiple attack penalty, but the penalty doesn't increase until after you make all the attacks.",,,,,,,,,,,,,,,,,Air,Concentrate,Evocation,Manipulate,Monk,,
Swift River,Free,,,,,,,Your turn ends and you have a status penalty to your Speed or are immobilized or slowed.,"You flow like water, avoiding all restraints. End one status penalty to your speed, or end one immobilized or slowed condition affecting you.",,,,,,,,,,,,,,"Ignore one status penalty to your speed, or remove one immobilized or slowed condition affecting you.",,,Monk,,,,,,
Impossible Technique,Reaction,,,,,6000,You are not armored or fatigued.,An enemy's attack hits you or you fail a saving throw against an enemy's ability.,"You execute a maneuver that defies possibility. If the triggering effect was an enemy's attack hitting you, the enemy rerolls the attack roll and uses the lower result. If the triggering effect was you failing a saving throw, you reroll the saving throw and use the higher result.",,,,,,,,,,,,,,,,,Fortune,Monk,,,,,
Fused Stance,1A,,,,TRUE,,,,"You have combined two stances into a single stance all your own. When you enter your fused stance, you gain all the effects of both stances, including the requirements and restrictions.

You can't fuse stances with fundamentally incompatible requirements or restrictions (such as Ironblood Stance and Crane Stance, which both require using only one type of Strike).",,,,,,,,,,,,,,,,,Monk,Stance,,,,,
Hunt Prey,1A,,,,TRUE,,,,"You designate a single creature as your prey and focus your attacks against that creature. You must be able to see or hear the prey, or you must be tracking the prey during exploration.

You gain a +2 circumstance bonus to Perception checks when you Seek your prey and a +2 circumstance bonus to Survival checks when you Track your prey. You also ignore the penalty for making ranged attacks within your second range increment against the prey you're hunting.

You can have only one creature designated as your prey at a time. If you use Hunt Prey against a creature when you already have a creature designated, the prior creature loses the designation and the new prey gains the designation. Your designation lasts until your next daily preparations.",,,,,,You gain a +2 circumstance bonus to Perception checks when you Seek your prey and a +2 circumstance bonus to Survival checks when you Track your prey. You also ignore the penalty for making ranged attacks within your second range increment against the prey you're hunting.,"Perception, Survival, Attacks",,,,,,,,,,Concentrate,Ranger,,,,,
Hunted Shot,1A,,once per round,,,,You are wielding a ranged weapon with reload 0.,,"You take two quick shots against the one you hunt. Make two Strikes against your prey with the required weapon. If both hit the same creature, combine their damage for the purpose of resistances and weaknesses. Apply your multiple attack penalty to each Strike normally.",,,,,,,,,,,,,,,,,Flourish,Ranger,,,,,
Bear Hug,1A,,,,,,The bear's last action was a successful claw Strike.,,"The bear makes another claw Strike against the same target. If this Strike hits, the target is also grabbed, as if the bear had successfully Grappled the target.",,,,,,,,,,,,,,,,,,,,,,,
Support,1A,,,,,,The creature is an animal companion.,,"Your animal companion supports you. You gain the benefits listed in the companion type's Support Benefit entry. If the animal uses the Support action, the only other actions it can use on this turn are basic move actions to get into position to take advantage of the Support benefits; if it has already used any other action this turn, it can't Support you.",,,,,,,,,,,,,,,,,,,,,,,
Cat Pounce,1A,,,,,,,,"The cat Strides and then Strikes. If it was undetected at the start of its Cat Pounce, it remains undetected until after the attack.",,,,,,,,,,,,,,,,,,,,,,,
Orc Ferocity,Reaction,,once per day,,,144000,,,"Fierceness in battle runs through your blood, and you refuse to fall from your injuries. You avoid being knocked out and remain at 1 Hit Point, and your wounded condition increases by 1.",,,,,,,,1,,Wounded,Orc Ferocity,,,,HP,-(Current_HP() - 1),Orc,,,,,,
Call on Ancient Blood: Fortitude,Reaction,,,,,,,"You attempt a saving throw against a magical effect, but you haven't rolled yet.","Your ancestors' innate resistance to magic surges, before slowly ebbing down. You gain a +1 circumstance bonus to the triggering saving throw and until the end of this turn.",,,,,,,,,10,Call on Ancient Blood: Fortitude,Call on Ancient Blood: Fortitude,,,,,,,,,,,,
Call on Ancient Blood: Reflex,Reaction,,,,,,,"You attempt a saving throw against a magical effect, but you haven't rolled yet.","Your ancestors' innate resistance to magic surges, before slowly ebbing down. You gain a +1 circumstance bonus to the triggering saving throw and until the end of this turn.",,,,,,,,,10,Call on Ancient Blood: Reflex,Call on Ancient Blood: Reflex,,,,,,,,,,,,
Call on Ancient Blood: Will,Reaction,,,,,,,"You attempt a saving throw against a magical effect, but you haven't rolled yet.","Your ancestors' innate resistance to magic surges, before slowly ebbing down. You gain a +1 circumstance bonus to the triggering saving throw and until the end of this turn.",,,,,,,,,10,Call on Ancient Blood: Will,Call on Ancient Blood: Will,,,,,,,,,,,,
Energy Emanation,2A,,once per day,,,144000,,,"Energy bursts forth from your body. You deal 1d6 damage of your chosen type to all adjacent creatures (basic Reflex save using your class DC or spell DC, whichever is higher). At 3rd level, and every 2 levels thereafter, this damage increases by 1d6.",,,,,,,,,,,,,,,,,Evocation,Primal,,,,,
Battle Medicine,1A,,,,,,,,"You can patch up yourself or an adjacent ally, even in combat. Attempt a Medicine check with the same DC as for Treat Wounds, and restore a corresponding amount of Hit Points; this does not remove the wounded condition. As with Treat Wounds, you can attempt checks against higher DCs if you have the minimum proficiency rank. The target is then temporarily immune to your Battle Medicine for 1 day.",,,,,,,,,,,,,,,,,General,Healing,Manipulate,Skill,,,
Eye of the Arclords: 1 Minute,1A,,once per day,,,144000,,,"You open an incandescent third eye upon your forehead. The eye can remain open for 1 minute, and you can close it before then with a single action with the concentrate trait. It can remain open for 2 minutes if you're a master in Arcana, or 5 minutes if you're legendary. While the eye is open, you gain the following benefits: you gain the effects of the detect magic arcane innate spell from your Arcane Sense at the start of each of your turns without needing to cast the spell; you gain darkvision; you gain a +2 status bonus to Perception checks to Seek undetected and hidden creatures and to your Perception DC against Hide and Sneak. After your third eye closes, you are dazzled for an amount of time equal to how long you had it open.",,,,,,,,,100,Eye of the Arclords,Eye of the Arclords,,,,,,Uncommon,General,Skill,,,,
Eye of the Arclords: 2 Minutes,1A,,once per day,,,144000,,,"You open an incandescent third eye upon your forehead. The eye can remain open for 1 minute, and you can close it before then with a single action with the concentrate trait. It can remain open for 2 minutes if you're a master in Arcana, or 5 minutes if you're legendary. While the eye is open, you gain the following benefits: you gain the effects of the detect magic arcane innate spell from your Arcane Sense at the start of each of your turns without needing to cast the spell; you gain darkvision; you gain a +2 status bonus to Perception checks to Seek undetected and hidden creatures and to your Perception DC against Hide and Sneak. After your third eye closes, you are dazzled for an amount of time equal to how long you had it open.",,,,,,,,,200,Eye of the Arclords,Eye of the Arclords,,,,,,Uncommon,General,Skill,,,,
Eye of the Arclords: 5 Minutes,1A,,once per day,,,144000,,,"You open an incandescent third eye upon your forehead. The eye can remain open for 1 minute, and you can close it before then with a single action with the concentrate trait. It can remain open for 2 minutes if you're a master in Arcana, or 5 minutes if you're legendary. While the eye is open, you gain the following benefits: you gain the effects of the detect magic arcane innate spell from your Arcane Sense at the start of each of your turns without needing to cast the spell; you gain darkvision; you gain a +2 status bonus to Perception checks to Seek undetected and hidden creatures and to your Perception DC against Hide and Sneak. After your third eye closes, you are dazzled for an amount of time equal to how long you had it open.",,,,,,,,,500,Eye of the Arclords,Eye of the Arclords,,,,,,Uncommon,General,Skill,,,,
Juggle,1A,,,,,,,,"You can Juggle items and still use your hands between tosses. You can use the Juggle action in several ways.

You can start to Juggle with a single stored item, an item you were carrying, or an unattended item within your reach. The item must be of light or negligible Bulk. You Juggle the item until the end of your next turn, unless you use this feat against next turn to continue Juggling (see below). While you are Juggling, you can use this action again to add another item to the Juggle, which must meet all the same requirements. You can Juggle a number of items equal to one more than the number of hands you are using to Juggle.

You can also use this action to continue Juggling as long as you aren't fatigued. When you do, you continue to Juggle until the end of your next turn. If you do not continue Juggling by the end of your turn, you cease Juggling and you drop all the items. You become fatigued if you continue Juggling for more than 10 minutes (60 rounds) within the course of an hour.

As long as you're Juggling fewer than your maximum number of items, you have a free hand. You can wield weapons you are Juggling (but not shields or other items) as long as they can be wielded in one hand. For example, while you Juggle a dagger in one hand and wield a shield in the other, you are wielding the dagger but still have a free hand to Cast a Spell with a material component. Juggling two or more weapons with one hand doesn't allow you to use feats that require two weapons each held in a different hand.",,,,,,,,,,,,,,,,,Uncommon,Concentrate,General,Manipulate,Skill,,
Kip Up,Free,,,,,,,,You stand up. This movement doesn't trigger reactions.,,,,,,,,,,,,,,,,,General,Skill,,,,,
Legendary Negotiation,3A,,,,,,,,"You can negotiate incredibly quickly in adverse situations. You attempt to Make an Impression and then Request your opponent cease their current activity and engage in negotiations. You take a -5 penalty to your Diplomacy check. The GM sets the DC of the Request based on the circumstances - it's generally at least a very hard DC of the creature's level. Some creatures might simply refuse, and even those who agree to parley might ultimately find your arguments lacking and return to violence.",,,,,,,,,,,,,,,,,General,Skill,,,,,
Recognize Spell,Reaction,,,,,,,"A creature within line of sight casts a spell that you don't have prepared or in your spell repertoire, or a trap or similar object casts such a spell. You must be aware of the casting.","If you are trained in the appropriate skill for the spell's tradition and it's a common spell of 2nd level or lower, you automatically identify it (you still roll to attempt to get a critical success, but can't get a worse result than success). The highest level of spell you automatically identify increases to 4 if you're an expert, 6 if you're a master, and 10 if you're legendary. The GM rolls a secret Arcana, Nature, Occultism, or Religion check, whichever corresponds to the tradition of the spell being cast. If you're not trained in the skill, you can't get a result better than failure.",,You correctly recognize the spell and gain a +1 circumstance bonus to your saving throw or your AC against it.,You correctly recognize the spell.,You fail to recognize the spell.,"You misidentify the spell as another spell entirely, of the GM's choice.",,,,,,,,,,,,General,Secret,Skill,,,,
Reveal Machinations,1A,,,,,,,,"You reveal that you played a minor but recurring role in another humanoid's life - or at least convince them that's the case. Attempt a Deception check against the target's Will DC. On a success, the revelation makes them frightened 2, and on a critical success they are frightened 3. In addition, you gain information about the subject as though you had attempted to Recall Knowledge about them using an appropriate skill and received the same result on your roll. You can't use this ability against the same humanoid again until 1 day has passed and you've also successfully disguised yourself as a different person.",,,,,,,,,,,,,,,,,Rare,General,Skill,,,,
Sacred Defense,1A,,once per hour,,,6000,,,"You call upon your deity to grant you their protective blessing. Attempt a DC 30 Religion check. If you have legendary proficiency in Religion, you can instead attempt a DC 40 Religion check to increase the temporary Hit Points you gain on a successful check to 15 (25 on a critical success).",,You gain 10 temporary Hit Points. You lose any remaining temporary Hit Points after 1 minute.,You gain 5 temporary Hit Points. You lose any remaining temporary Hit Points after 1 minute.,,Your deity withholds their blessing. You cannot attempt to call to your deity again for 1 day.,,,,,,,,,Add and remove any temporary Hit Points after determining the success.,,,Divine,General,Skill,,,,
Sanctify Water,1A,,,,,,,,"You imbue water with your deity's blessing. Choose a container of water on your person that is of light Bulk. For 1 round, if you or an ally throw this container at a foe, it has the damaging effects of holy water (if you follow a good deity) or unholy water (if you follow an evil deity). The water's transient power doesn't make it gain any value, allow it to be used to supply the cost for a spell or ritual, and so on. If you have legendary proficiency in Religion, you can sanctify three containers held by you or allies within your reach instead of one.

PFS Note: When using Sanctify Water use your proficiency with simple weapons to determine your attack bonus when throwing the blessed container of water. If you give the container to another character for them to throw, they use their proficiency with improvised weapons instead.",,,,,,,,,,,,,,,,,General,Skill,,,,,
Scare to Death,1A,,,,,,,,"You can frighten foes so much, they might die. Attempt an Intimidation check against the Will DC of a living creature within 30 feet of you that you sense or observe and who can sense or observe you. If the target can't hear you or doesn't understand the language you are speaking, you take a -4 circumstance penalty. The creature is temporarily immune for 1 minute.",,"The target must succeed at a Fortitude save against your Intimidation DC or die. If the target succeeds at its save, it becomes frightened 2 and is fleeing for 1 round; it suffers no effect on a critical success.",The target becomes frightened 2.,The target becomes frightened 1.,The target is unaffected.,,,,,,,,,,,,Death,Emotion,Fear,General,Incapacitation,Skill,
Shield Block,Reaction,,,,,,,"While you have your shield raised, you would take damage from a physical attack.","You snap your shield in place to ward off a blow. Your shield prevents you from taking an amount of damage up to the shield's Hardness. You and the shield each take any remaining damage, possibly breaking or destroying the shield.",,,,,,,,,,,,,,,,,General,,,,,,
Sow Rumor,,,,,,,,,"You spread rumors, which may or may not be true, about a specific subject. If the subject of your rumor is not currently the subject of any contradictory rumors, this takes as long as it would normally take you to Gather Information (typically 2 hours), at the end of which the GM rolls a secret Deception check to see how well you spread the rumor. If your rumor matches any current rumors about the subject, it takes less time to spread the rumor, and if you are attempting to overtake a particularly popular and contradictory rumor, it takes much longer or may be impossible. The DC similarly increases or decreases depending on how plausible your rumor is.",,Your rumor spreads like wildfire. Anyone who succeeds at a check to Gather Information on the specific subject learns your rumor in preference to other rumors about the subject. Your rumor persists for 1 month.,You successfully spread the rumor. Anyone who succeeds at a check to Gather Information on the specific subject adds your rumor to the list of rumors they could learn about the subject. Your rumor persists for 1 week.,"Your rumor dies off, never becoming popular enough for other people to learn it via Gather Information.","You are unable to spread a rumor and take a -4 circumstance penalty to Deception checks to Sow Rumors about the same subject within the same region for 1 week. In addition, a rumor spreads about someone trying to spread false rumors about the subject.",,,,,,,,,,,,Uncommon,General,Secret,Skill,,,
Train Animal,,,,,,,,,"You spend time teaching an animal to do a certain action. You can either select a basic action the animal already knows how to do (typically those listed in the Command an Animal action) or attempt to teach the animal a new basic action. The GM determines the DC of any check required and the amount of time the training takes (usually at least a week). It's usually impossible to teach an animal a trick that uses critical thinking. If you're expert, master, or legendary in Nature, you might be able to train more unusual creatures, at the GM's discretion.",,,"The animal learns the action. If it was an action the animal already knew, you can Command the Animal to take that action without attempting a Nature check. If it was a new basic action, add that action to the actions the animal can take when Commanded, but you must still roll.",The animal doesn't learn the trick.,,,,,,,,,,,,,Downtime,General,Manipulate,Skill,,,
Trick Magic Item,1A,,,,,,,,"You examine a magic item you normally couldn't use in an effort to fool it and activate it temporarily. For example, this might allow a fighter to cast a spell from a wand or allow a wizard to cast a spell that's not on the arcane list using a scroll. You must know what activating the item does, or you can't attempt to trick it.

Attempt a check using the skill matching the item's magic tradition, or matching a tradition that has the spell on its list, if you're trying to cast a spell from the item. The relevant skills are Arcana for arcane, Nature for primal, Occultism for occult, Religion for divine, or any of the four for an item that has the magical trait and not a tradition trait. The GM determines the DC based on the item's level (possibly adjusted depending on the item or situation).

If you activate a magic item that requires a spell attack roll or spell DC and you don't have the ability to cast spells of the relevant tradition, use your level as your proficiency bonus and the highest of your Intelligence, Wisdom, or Charisma modifiers. If you're a master in the appropriate skill for the item's tradition, you instead use the trained proficiency bonus, and if you're legendary, you instead use the expert proficiency bonus.",,,"For the rest of the current turn, you can spend actions to activate the item as if you could normally use it.","You can't use the item or try to trick it again this turn, but you can try again on subsequent turns.","You can't use the item, and you can't try to trick it again until your next daily preparations.",,,,,,,,,,,,General,Manipulate,Skill,,,,
Battle Prayer,1A,,,,,,,,"Calling out to your deity, you recite scripture to harm a foe. Attempt a Religion check against the Will DC of a foe within 30 feet. The foe is then temporarily immune to Battle Prayers from your deity for 1 day.",,"You deal 2d6 damage of the chosen alignment type, or 6d6 damage if you have legendary proficiency in Religion.","You deal 1d6 damage of the chosen alignment type, or 3d6 damage if you have legendary proficiency in Religion.",There is no effect.,The backlash of your foe's will against your prayer prevents you from using Battle Prayer again for 10 minutes.,,,,,,,,,,,,Divine,General,Skill,,,,
Battle Prayer: Chaos,1A,,,,,,,,"Calling out to your deity, you recite scripture to harm a foe. Attempt a Religion check against the Will DC of a foe within 30 feet. The foe is then temporarily immune to Battle Prayers from your deity for 1 day.",,"You deal 2d6 Chaotic damage, or 6d6 damage if you have legendary proficiency in Religion.","You deal 1d6 Chaotic damage, or 3d6 damage if you have legendary proficiency in Religion.",There is no effect.,The backlash of your foe's will against your prayer prevents you from using Battle Prayer again for 10 minutes.,,,,,,,,,,,,Chaotic,Divine,General,Skill,,,
Battle Prayer: Evil,1A,,,,,,,,"Calling out to your deity, you recite scripture to harm a foe. Attempt a Religion check against the Will DC of a foe within 30 feet. The foe is then temporarily immune to Battle Prayers from your deity for 1 day.",,"You deal 2d6 Evil damage, or 6d6 damage if you have legendary proficiency in Religion.","You deal 1d6 Evil damage, or 3d6 damage if you have legendary proficiency in Religion.",There is no effect.,The backlash of your foe's will against your prayer prevents you from using Battle Prayer again for 10 minutes.,,,,,,,,,,,,Divine,Evil,General,Skill,,,
Battle Prayer: Good,1A,,,,,,,,"Calling out to your deity, you recite scripture to harm a foe. Attempt a Religion check against the Will DC of a foe within 30 feet. The foe is then temporarily immune to Battle Prayers from your deity for 1 day.",,"You deal 2d6 Good damage, or 6d6 damage if you have legendary proficiency in Religion.","You deal 1d6 Good damage, or 3d6 damage if you have legendary proficiency in Religion.",There is no effect.,The backlash of your foe's will against your prayer prevents you from using Battle Prayer again for 10 minutes.,,,,,,,,,,,,Divine,General,Good,Skill,,,
Battle Prayer: Law,1A,,,,,,,,"Calling out to your deity, you recite scripture to harm a foe. Attempt a Religion check against the Will DC of a foe within 30 feet. The foe is then temporarily immune to Battle Prayers from your deity for 1 day.",,"You deal 2d6 Lawful damage, or 6d6 damage if you have legendary proficiency in Religion.","You deal 1d6 Lawful damage, or 3d6 damage if you have legendary proficiency in Religion.",There is no effect.,The backlash of your foe's will against your prayer prevents you from using Battle Prayer again for 10 minutes.,,,,,,,,,,,,Divine,General,Lawful,Skill,,,
Evangelize,1A,,,,,,,,"You point out a detail that incontrovertibly supports your faith, causing a listener's mind to whirl. Attempt a Diplomacy check and compare the result to the Will DC of a single target that can hear you and understands your language; that target is then temporarily immune to Evangelize with respect to your deity or philosophy for 1 day. A creature that already agrees with you is unaffected, and at the GM's discretion, a target that genuinely changes its perspective to support your faith as a result of the argument is also otherwise unaffected.",,The target is stupefied 2 for 1 round.,The target is stupefied 1 for 1 round.,The target is unaffected.,,,,,,,,,,,,,Auditory,General,Linguistic,Mental,Skill,,
Familiar Focus,2 (Familiar),,,,,144000,,,"Once per day, your familiar can use 2 actions with the concentrate trait to regain 1 Focus Point, up to your usual maximum. You must have a focus pool to select this.",,,,,,,,,,,,,,,Focus Points,1,Concentrate,,,,,,
Lifelink,Reaction,,,,,,,,"If your familiar would be reduced to 0 HP by damage, as a reaction with the concentrate trait, you can take the damage. If you do, you take all the damage and your familiar takes none. However, if special effects when a hit damages your familiar (such as snake venom) still apply to your familiar.",,,,,,,,,,,,,,Take the damage instead of your familiar.,,,Concentrate,,,,,,
Chameleon Gnome,1A,,,,TRUE,,,,"The color of your hair and skin is mutable, possibly due to latent magic. You can slowly change the vibrancy and the exact color, and the coloration can be different across your body, allowing you to create patterns or other colorful designs. It takes a single action for minor localized shifts and up to an hour for dramatic shifts throughout your body. While you're asleep, the colors shift on their own in tune with your dreams, giving you an unusual coloration each morning. When you're in an area where your coloration is roughly similar to the environment (for instance, forest green in a forest), you can use the single action to make minor localized shifts designed to help you blend into your surroundings. This grants you a +2 circumstance bonus to Stealth checks until your surroundings shift in coloration or pattern.",,,,,,,,,,Chameleon Gnome,Chameleon Gnome,,,,,,,,,,,,
Fey-Touched Gnome,10 minutes,,,,,,,,You can change the cantrip you gained from your heritage to a different one from the same list once per day by meditating to realign yourself with the First World.,,,,,,,,,,,,,,Select another cantrip in the spell selection menu.,,,Concentrate,,,,,,
Resist Elf Magic,Reaction,,,,,,,You attempt a saving throw against a magical effect but haven't rolled yet.,"Your ancestral resistance to magic protects you. You gain a +1 circumstance bonus to the triggering saving throw. If the triggering effect is arcane, you gain a +2 circumstance bonus instead.",,,,,,,,,,,,,,,,,,,,,,,
Threatening Approach,2A,,,,,,,,"You Stride to be adjacent to a foe and Demoralize that foe. If you succeed, the foe is frightened 2 instead of frightened 1.",,,,,,,,,,,,,,,,,,,,,,,
Unseen Lizardfolk,1A,,,,TRUE,,,,"You can change your skin color to blend in with your surroundings, making minor shifts with a single action and dramatic changes over the course of an hour. When you're in an area where your coloration is roughly similar to the environment (for instance, forest green in a forest), you can use the minor, singleaction application of this ability to make localized changes that help you blend into your surroundings, gaining a +2 circumstance bonus to Stealth checks until your surroundings change in coloration or pattern.",,,,,,,,,,Unseen Lizardfolk,Unseen Lizardfolk,,,,,,,,,,,,
Quick Alchemy,1A,1 batch of infused reagents,,,,,"You have alchemist's tools, the formula for the alchemical item you're creating, and a free hand.",,"You swiftly mix up a short-lived alchemical item to use at a moment's notice. You create a single alchemical item of your advanced alchemy level or lower that's in your formula book without having to spend the normal monetary cost in alchemical reagents or needing to attempt a Crafting check. This item has the infused trait, but it remains potent only until the start of your next turn.",,,,,,,,,,,,,,,,,Alchemist,Manipulate,,,,,
Mighty Rage,Free,,,,,,,You use the Rage action on your turn.,"Use an action that has the rage trait. Alternatively, you can increase the actions of the triggering Rage to 2 to instead use a 2-action activity with the rage trait.",,,,,,,,,,,,,,,,,Barbarian,,,,,,
Rage,1A,,,100,TRUE,100,You use the Rage action on your turn.,,"You tap into your inner fury and begin raging. You gain a number of temporary Hit Points equal to your level plus your Constitution modifier. This frenzy lasts for 1 minute, until there are no enemies you can perceive, or until you fall unconscious, whichever comes first. You can't voluntarily stop raging. While you are raging: 

You deal 2 additional damage with melee weapons and unarmed attacks. This additional damage is halved if your weapon or unarmed attack is agile.
You take a -1 penalty to AC.
You can't use actions with the concentrate trait unless they also have the rage trait. You can Seek while raging.

After you stop raging, you lose any remaining temporary Hit Points from Rage, and you can't Rage again for 1 minute.",,,,,,,,,-1,Rage,Rage,,,,,,Barbarian,Concentrate,Emotion,Mental,,,
Attack of Opportunity,Reaction,,,,,,,"A creature within your reach uses a manipulate action or a move action, makes a ranged attack, or leaves a square during a move action it's using.","You lash out at a foe that leaves an opening. Make a melee Strike against the triggering creature. If your attack is a critical hit and the trigger was a manipulate action, you disrupt that action. This Strike doesn't count toward your multiple attack penalty, and your multiple attack penalty doesn't apply to this Strike.",,,,,,,,,,,,,,,,,,,,,,,
Debilitating Strike,Free,,,,,,,Your Strike hits a flat-footed creature and deals damage.,"You apply one of the following debilitations, which lasts until the end of your next turn.

<strong>Debilitation</strong> The target takes a -10-foot status penalty to its Speeds.
<strong>Debilitation</strong> The target becomes enfeebled 1.",,,,,,"When your strike hits a flat-footed creature and deals damage, you apply debilitations, which last until the end of your next turn.",Attacks,,,,,,,,,,Rogue,,,,,,
Drain Bonded Item,Free,,once per day,,,144000,You haven't acted yet on your turn.,,"You expend the power stored in your bonded item. During your turn, you gain the ability to cast one spell you prepared today and already cast, without spending a spell slot. You must still Cast the Spell and meet the spell's other requirements.",,,,,,,,,,,,,,You can restore a used spell in the spellbook using your bonded item's charge(s). Using this Activity does not automatically restore a spell or discharge the bonded item. It does restore a Focus Point if you have the Linked Focus feat.,Focus Points,Has_Feat('Linked Focus') ? 1 : 0,Arcane,Wizard,,,,,
Halfling Luck,Free,,once per day,,,144000,,You fail a skill check or saving throw.,"Your happy-go-lucky nature makes it seem like misfortune avoids you, and to an extent, that might even be true. You can reroll the triggering check, but you must use the new result, even if it's worse than your first roll.",,,,,,,,,,,,,,,,,Fortune,Halfling,,,,,
Widen Spell,1A,,,,,,,,"You manipulate the energy of your spell, causing it to spread out and affect a wider area. If the next action you use is to Cast a Spell that has an area of a burst, cone, or line and does not have a duration, increase the area of that spell. Add 5 feet to the radius of a burst that normally has a radius of at least 10 feet (a burst with a smaller radius is not affected). Add 5 feet to the length of a cone or line that is normally 15 feet long or smaller, and add 10 feet to the length of a larger cone or line.",,,,,,,,,,,,,,,,,Druid,Manipulate,Metamagic,Sorcerer,Wizard,,
Reach Spell,1A,,,,,,,,"You can extend the range of your spells. If the next action you use is to Cast a Spell that has a range, increase that spell's range by 30 feet. As is standard for increasing spell ranges, if the spell normally has a range of touch, you extend its range to 30 feet.",,,,,,,,,,,,,,,,,Bard,Cleric,Concentrate,Druid,Metamagic,Sorcerer,Wizard
Black Dragon's Breath Potion (Young),1A,,,,,,,,"You unleash dragon's breath in a 30-foot line of acid. The breath does 4d6 acid damage, and each creature in the area must attempt a DC 23 basic Reflex save. After you use the breath weapon, you can't do so again for 1d4 rounds.",,,,,,,,,,,,,,"After you use the breath weapon, you can't do so again for 1d4 rounds.",,,Acid,Consumable,Evocation,Magical,Potion,,
Copper Dragon's Breath Potion (Young),1A,,,,,,,,"You unleash dragon's breath in a 30-foot line of acid. The breath does 4d6 acid damage, and each creature in the area must attempt a DC 23 basic Reflex save. After you use the breath weapon, you can't do so again for 1d4 rounds.",,,,,,,,,,,,,,"After you use the breath weapon, you can't do so again for 1d4 rounds.",,,Acid,Consumable,Evocation,Magical,Potion,,
Blue Dragon's Breath Potion (Young),1A,,,,,,,,"You unleash dragon's breath in a 30-foot line of electricity. The breath does 4d6 electricity damage, and each creature in the area must attempt a DC 23 basic Reflex save. After you use the breath weapon, you can't do so again for 1d4 rounds.",,,,,,,,,,,,,,"After you use the breath weapon, you can't do so again for 1d4 rounds.",,,Consumable,Electricity,Evocation,Magical,Potion,,
Bronze Dragon's Breath Potion (Young),1A,,,,,,,,"You unleash dragon's breath in a 30-foot line of electricity. The breath does 4d6 electricity damage, and each creature in the area must attempt a DC 23 basic Reflex save. After you use the breath weapon, you can't do so again for 1d4 rounds.",,,,,,,,,,,,,,"After you use the breath weapon, you can't do so again for 1d4 rounds.",,,Consumable,Electricity,Evocation,Magical,Potion,,
Brass Dragon's Breath Potion (Young),1A,,,,,,,,"You unleash dragon's breath in a 30-foot line of fire. The breath does 4d6 fire damage, and each creature in the area must attempt a DC 23 basic Reflex save. After you use the breath weapon, you can't do so again for 1d4 rounds.",,,,,,,,,,,,,,"After you use the breath weapon, you can't do so again for 1d4 rounds.",,,Consumable,Fire,Evocation,Magical,Potion,,
Green Dragon's Breath Potion (Young),1A,,,,,,,,"You unleash dragon's breath in a 15-foot cone of poison. The breath does 4d6 poison damage, and each creature in the area must attempt a DC 23 basic Fortitude save. After you use the breath weapon, you can't do so again for 1d4 rounds.",,,,,,,,,,,,,,"After you use the breath weapon, you can't do so again for 1d4 rounds.",,,Consumable,Evocation,Magical,Poison,Potion,,
Gold Dragon's Breath Potion (Young),1A,,,,,,,,"You unleash dragon's breath in a 15-foot cone of fire. The breath does 4d6 fire damage, and each creature in the area must attempt a DC 23 basic Reflex save. After you use the breath weapon, you can't do so again for 1d4 rounds.",,,,,,,,,,,,,,"After you use the breath weapon, you can't do so again for 1d4 rounds.",,,Consumable,Fire,Evocation,Magical,Potion,,
Red Dragon's Breath Potion (Young),1A,,,,,,,,"You unleash dragon's breath in a 15-foot cone of fire. The breath does 4d6 fire damage, and each creature in the area must attempt a DC 23 basic Reflex save. After you use the breath weapon, you can't do so again for 1d4 rounds.",,,,,,,,,,,,,,"After you use the breath weapon, you can't do so again for 1d4 rounds.",,,Consumable,Fire,Evocation,Magical,Potion,,
Silver Dragon's Breath Potion (Young),1A,,,,,,,,"You unleash dragon's breath in a 15-foot cone of cold. The breath does 4d6 cold damage, and each creature in the area must attempt a DC 23 basic Reflex save. After you use the breath weapon, you can't do so again for 1d4 rounds.",,,,,,,,,,,,,,"After you use the breath weapon, you can't do so again for 1d4 rounds.",,,Consumable,Fire,Evocation,Magical,Potion,,
White Dragon's Breath Potion (Young),1A,,,,,,,,"You unleash dragon's breath in a 15-foot cone of cold. The breath does 4d6 cold damage, and each creature in the area must attempt a DC 23 basic Reflex save. After you use the breath weapon, you can't do so again for 1d4 rounds.",,,,,,,,,,,,,,"After you use the breath weapon, you can't do so again for 1d4 rounds.",,,Consumable,Fire,Evocation,Magical,Potion,,
Black Dragon's Breath Potion (Adult),1A,,,,,,,,"You unleash dragon's breath in a 30-foot line of acid. The breath does 6d6 acid damage, and each creature in the area must attempt a DC 29 basic Reflex save. After you use the breath weapon, you can't do so again for 1d4 rounds.",,,,,,,,,,,,,,"After you use the breath weapon, you can't do so again for 1d4 rounds.",,,Acid,Consumable,Evocation,Magical,Potion,,
Copper Dragon's Breath Potion (Adult),1A,,,,,10,,,"You unleash dragon's breath in a 30-foot line of acid. The breath does 6d6 acid damage, and each creature in the area must attempt a DC 29 basic Reflex save. After you use the breath weapon, you can't do so again for 1d4 rounds.",,,,,,,,,,,,,,"After you use the breath weapon, you can't do so again for 1d4 rounds.",,,Acid,Consumable,Evocation,Magical,Potion,,
Blue Dragon's Breath Potion (Adult),1A,,,,,,,,"You unleash dragon's breath in a 30-foot line of electricity. The breath does 6d6 electricity damage, and each creature in the area must attempt a DC 29 basic Reflex save. After you use the breath weapon, you can't do so again for 1d4 rounds.",,,,,,,,,,,,,,"After you use the breath weapon, you can't do so again for 1d4 rounds.",,,Consumable,Electricity,Evocation,Magical,Potion,,
Bronze Dragon's Breath Potion (Adult),1A,,,,,,,,"You unleash dragon's breath in a 30-foot line of electricity. The breath does 6d6 electricity damage, and each creature in the area must attempt a DC 29 basic Reflex save. After you use the breath weapon, you can't do so again for 1d4 rounds.",,,,,,,,,,,,,,"After you use the breath weapon, you can't do so again for 1d4 rounds.",,,Consumable,Electricity,Evocation,Magical,Potion,,
Brass Dragon's Breath Potion (Adult),1A,,,,,,,,"You unleash dragon's breath in a 30-foot line of fire. The breath does 6d6 fire damage, and each creature in the area must attempt a DC 29 basic Reflex save. After you use the breath weapon, you can't do so again for 1d4 rounds.",,,,,,,,,,,,,,"After you use the breath weapon, you can't do so again for 1d4 rounds.",,,Consumable,Fire,Evocation,Magical,Potion,,
Green Dragon's Breath Potion (Adult),1A,,,,,,,,"You unleash dragon's breath in a 15-foot cone of poison. The breath does 6d6 poison damage, and each creature in the area must attempt a DC 29 basic Fortitude save. After you use the breath weapon, you can't do so again for 1d4 rounds.",,,,,,,,,,,,,,"After you use the breath weapon, you can't do so again for 1d4 rounds.",,,Consumable,Evocation,Magical,Poison,Potion,,
Gold Dragon's Breath Potion (Adult),1A,,,,,,,,"You unleash dragon's breath in a 15-foot cone of fire. The breath does 6d6 fire damage, and each creature in the area must attempt a DC 29 basic Reflex save. After you use the breath weapon, you can't do so again for 1d4 rounds.",,,,,,,,,,,,,,"After you use the breath weapon, you can't do so again for 1d4 rounds.",,,Consumable,Fire,Evocation,Magical,Potion,,
Red Dragon's Breath Potion (Adult),1A,,,,,,,,"You unleash dragon's breath in a 15-foot cone of fire. The breath does 6d6 fire damage, and each creature in the area must attempt a DC 29 basic Reflex save. After you use the breath weapon, you can't do so again for 1d4 rounds.",,,,,,,,,,,,,,"After you use the breath weapon, you can't do so again for 1d4 rounds.",,,Consumable,Fire,Evocation,Magical,Potion,,
Silver Dragon's Breath Potion (Adult),1A,,,,,,,,"You unleash dragon's breath in a 15-foot cone of cold. The breath does 6d6 cold damage, and each creature in the area must attempt a DC 29 basic Reflex save. After you use the breath weapon, you can't do so again for 1d4 rounds.",,,,,,,,,,,,,,"After you use the breath weapon, you can't do so again for 1d4 rounds.",,,Consumable,Fire,Evocation,Magical,Potion,,
White Dragon's Breath Potion (Adult),1A,,,,,,,,"You unleash dragon's breath in a 15-foot cone of cold. The breath does 6d6 cold damage, and each creature in the area must attempt a DC 29 basic Reflex save. After you use the breath weapon, you can't do so again for 1d4 rounds.",,,,,,,,,,,,,,"After you use the breath weapon, you can't do so again for 1d4 rounds.",,,Consumable,Fire,Evocation,Magical,Potion,,
Black Dragon's Breath Potion (Wyrm),1A,,,,,,,,"You unleash dragon's breath in a 30-foot line of acid. The breath does 10d6 acid damage, and each creature in the area must attempt a DC 37 basic Reflex save. After you use the breath weapon, you can't do so again for 1d4 rounds.",,,,,,,,,,,,,,"After you use the breath weapon, you can't do so again for 1d4 rounds.",,,Acid,Consumable,Evocation,Magical,Potion,,
Copper Dragon's Breath Potion (Wyrm),1A,,,,,10,,,"You unleash dragon's breath in a 30-foot line of acid. The breath does 10d6 acid damage, and each creature in the area must attempt a DC 37 basic Reflex save. After you use the breath weapon, you can't do so again for 1d4 rounds.",,,,,,,,,,,,,,"After you use the breath weapon, you can't do so again for 1d4 rounds.",,,Acid,Consumable,Evocation,Magical,Potion,,
Blue Dragon's Breath Potion (Wyrm),1A,,,,,,,,"You unleash dragon's breath in a 30-foot line of electricity. The breath does 10d6 electricity damage, and each creature in the area must attempt a DC 37 basic Reflex save. After you use the breath weapon, you can't do so again for 1d4 rounds.",,,,,,,,,,,,,,"After you use the breath weapon, you can't do so again for 1d4 rounds.",,,Consumable,Electricity,Evocation,Magical,Potion,,
Bronze Dragon's Breath Potion (Wyrm),1A,,,,,,,,"You unleash dragon's breath in a 30-foot line of electricity. The breath does 10d6 electricity damage, and each creature in the area must attempt a DC 37 basic Reflex save. After you use the breath weapon, you can't do so again for 1d4 rounds.",,,,,,,,,,,,,,"After you use the breath weapon, you can't do so again for 1d4 rounds.",,,Consumable,Electricity,Evocation,Magical,Potion,,
Brass Dragon's Breath Potion (Wyrm),1A,,,,,,,,"You unleash dragon's breath in a 30-foot line of fire. The breath does 10d6 fire damage, and each creature in the area must attempt a DC 37 basic Reflex save. After you use the breath weapon, you can't do so again for 1d4 rounds.",,,,,,,,,,,,,,"After you use the breath weapon, you can't do so again for 1d4 rounds.",,,Consumable,Fire,Evocation,Magical,Potion,,
Green Dragon's Breath Potion (Wyrm),1A,,,,,,,,"You unleash dragon's breath in a 15-foot cone of poison. The breath does 10d6 poison damage, and each creature in the area must attempt a DC 37 basic Fortitude save. After you use the breath weapon, you can't do so again for 1d4 rounds.",,,,,,,,,,,,,,"After you use the breath weapon, you can't do so again for 1d4 rounds.",,,Consumable,Evocation,Magical,Poison,Potion,,
Gold Dragon's Breath Potion (Wyrm),1A,,,,,,,,"You unleash dragon's breath in a 15-foot cone of fire. The breath does 10d6 fire damage, and each creature in the area must attempt a DC 37 basic Reflex save. After you use the breath weapon, you can't do so again for 1d4 rounds.",,,,,,,,,,,,,,"After you use the breath weapon, you can't do so again for 1d4 rounds.",,,Consumable,Fire,Evocation,Magical,Potion,,
Red Dragon's Breath Potion (Wyrm),1A,,,,,,,,"You unleash dragon's breath in a 15-foot cone of fire. The breath does 10d6 fire damage, and each creature in the area must attempt a DC 37 basic Reflex save. After you use the breath weapon, you can't do so again for 1d4 rounds.",,,,,,,,,,,,,,"After you use the breath weapon, you can't do so again for 1d4 rounds.",,,Consumable,Fire,Evocation,Magical,Potion,,
Silver Dragon's Breath Potion (Wyrm),1A,,,,,,,,"You unleash dragon's breath in a 15-foot cone of cold. The breath does 10d6 cold damage, and each creature in the area must attempt a DC 37 basic Reflex save. After you use the breath weapon, you can't do so again for 1d4 rounds.",,,,,,,,,,,,,,"After you use the breath weapon, you can't do so again for 1d4 rounds.",,,Consumable,Fire,Evocation,Magical,Potion,,
White Dragon's Breath Potion (Wyrm),1A,,,,,,,,"You unleash dragon's breath in a 15-foot cone of cold. The breath does 10d6 cold damage, and each creature in the area must attempt a DC 37 basic Reflex save. After you use the breath weapon, you can't do so again for 1d4 rounds.",,,,,,,,,,,,,,"After you use the breath weapon, you can't do so again for 1d4 rounds.",,,Consumable,Fire,Evocation,Magical,Potion,,
"Energy Mutagen (Acid, Greater)",Free,,,,,,,,"You end the benefits of the Energy Mutagen, unleashing a 30-foot cone of energy that deals 2d6 acid damage for every full 10 minutes of duration remaining (DC 25 basic Reflex save).",,,,,,,,,0,Energy Mutagen Discharge,"Energy Mutagen (Acid, Greater)",,,,,,Consumable,Acid,Mutagen,Polymorph,,,
"Energy Mutagen (Cold, Greater)",Free,,,,,,,,"You end the benefits of the Energy Mutagen, unleashing a 30-foot cone of energy that deals 2d6 cold damage for every full 10 minutes of duration remaining (DC 25 basic Reflex save).",,,,,,,,,0,Energy Mutagen Discharge,"Energy Mutagen (Cold, Greater)",,,,,,Consumable,Cold,Mutagen,Polymorph,,,
"Energy Mutagen (Electricity, Greater)",Free,,,,,,,,"You end the benefits of the Energy Mutagen, unleashing a 30-foot cone of energy that deals 2d6 electricity damage for every full 10 minutes of duration remaining (DC 25 basic Reflex save).",,,,,,,,,0,Energy Mutagen Discharge,"Energy Mutagen (Electricity, Greater)",,,,,,Consumable,Electricity,Mutagen,Polymorph,,,
"Energy Mutagen (Fire, Greater)",Free,,,,,,,,"You end the benefits of the Energy Mutagen, unleashing a 30-foot cone of energy that deals 2d6 fire damage for every full 10 minutes of duration remaining (DC 25 basic Reflex save).",,,,,,,,,0,Energy Mutagen Discharge,"Energy Mutagen (Fire, Greater)",,,,,,Consumable,Fire,Mutagen,Polymorph,,,
"Energy Mutagen (Acid, Major)",Free,,,,,,,,"You end the benefits of the Energy Mutagen, unleashing a 30-foot cone of energy that deals 3d6 acid damage for every full 10 minutes of duration remaining (DC 32 basic Reflex save).",,,,,,,,,0,Energy Mutagen Discharge,"Energy Mutagen (Acid, Major)",,,,,,Consumable,Acid,Mutagen,Polymorph,,,
"Energy Mutagen (Cold, Major)",Free,,,,,,,,"You end the benefits of the Energy Mutagen, unleashing a 30-foot cone of energy that deals 3d6 cold damage for every full 10 minutes of duration remaining (DC 32 basic Reflex save).",,,,,,,,,0,Energy Mutagen Discharge,"Energy Mutagen (Cold, Major)",,,,,,Consumable,Cold,Mutagen,Polymorph,,,
"Energy Mutagen (Electricity, Major)",Free,,,,,,,,"You end the benefits of the Energy Mutagen, unleashing a 30-foot cone of energy that deals 3d6 electricity damage for every full 10 minutes of duration remaining (DC 32 basic Reflex save).",,,,,,,,,0,Energy Mutagen Discharge,"Energy Mutagen (Electricity, Major)",,,,,,Consumable,Electricity,Mutagen,Polymorph,,,
"Energy Mutagen (Fire, Major)",Free,,,,,,,,"You end the benefits of the Energy Mutagen, unleashing a 30-foot cone of energy that deals 3d6 fire damage for every full 10 minutes of duration remaining (DC 32 basic Reflex save).",,,,,,,,,0,Energy Mutagen Discharge,"Energy Mutagen (Fire, Major)",,,,,,Consumable,Fire,Mutagen,Polymorph,,,
Double Slice,2A,,,,,,"You are wielding two melee weapons, each in a different hand.",,"You lash out at your foe with both weapons. Make two Strikes, one with each of your two melee weapons, each using your current multiple attack penalty. Both Strikes must have the same target. If the second Strike is made with a weapon that doesn’t have the agile trait, it takes a -2 penalty.

If both attacks hit, combine their damage, and then add any other applicable effects from both weapons. You add any precision damage only once, to the attack of your choice. Combine the damage from both Strikes and apply resistances and weaknesses only once. This counts as two attacks when calculating your multiple attack penalty.",,,,,,,,,,,,,,,,,Fighter,,,,,,
Everstand Stance,1A,,,,TRUE,,You are wielding a shield.,,"You brace your shield with both hands, enhancing its potential for both offense and defense. When in this stance, you wield the shield with both hands. When wielding a shield this way, increase the weapon damage die of the shield’s boss or spikes by one step, and increase the shield’s Hardness by 2 when using the Shield Block reaction.",,,,,,,,,-1,Everstand Stance,Everstand Stance,,,,,,Uncommon,Champion,Fighter,Stance,,,
Exacting Strike,1A,,,,,,,,"You make a controlled attack, fully accounting for your momentum. Make a Strike. The Strike gains the following failure effect.",,,,This attack does not count toward your multiple attack penalty.,,,,,,,,,,,,,Fighter,Press,,,,,
Point-Blank Shot,1A,,,,TRUE,,You are wielding a ranged weapon.,,"You take aim to pick off nearby enemies quickly. When using a ranged volley weapon while you are in this stance, you don’t take the penalty to your attack rolls from the volley trait. When using a ranged weapon that doesn’t have the volley trait, you gain a +2 circumstance bonus to damage rolls on attacks against targets within the weapon’s first range increment.",,,,,,,,,-1,Point-Blank Shot,Point-Blank Shot,,,,,,Fighter,Open,Stance,,,,
Power Attack,2A,,,,,,,,"You unleash a particularly powerful attack that clobbers your foe but leaves you a bit unsteady. Make a melee Strike. This counts as two attacks when calculating your multiple attack penalty. If this Strike hits, you deal an extra die of weapon damage. If you're at least 10th level, increase this to two extra dice, and if you're at least 18th level, increase it to three extra dice.",,,,,,,,,,,,,,,,,Fighter,Flourish,,,,,
Reactive Shield,Reaction,,,,,,You are wielding a shield.,An enemy hits you with a melee Strike.,"You can snap your shield into place just as you would take a blow, avoiding the hit at the last second. You immediately use the Raise a Shield action and gain your shield’s bonus to AC. The circumstance bonus from the shield applies to your AC when you’re determining the outcome of the triggering attack.",,,,,,,,,,,,,,,Raise Shield,1,Fighter,,,,,,
Snagging Strike,1A,,,,,,"You have one hand free, and your target is within reach of that hand.",,"You combine an attack with quick grappling moves to throw an enemy off balance as long as it stays in your reach. Make a Strike while keeping one hand free. If this Strike hits, the target is flat-footed until the start of your next turn or until it’s no longer within the reach of your hand, whichever comes first.",,,,,,,,,,,,,,,,,Fighter,,,,,,
Sudden Charge,2A,,,,,,,,"With a quick sprint, you dash up to your foe and swing. Stride twice. If you end your movement within melee reach of at least one enemy, you can make a melee Strike against that enemy. You can use Sudden Charge while Burrowing, Climbing, Flying, or Swimming instead of Striding if you have the corresponding movement type.",,,,,,,,,,,,,,,,,Barbarian,Fighter,Flourish,Open,,,
Aggressive Block,Free,,,,,,,"You use the Shield Block reaction, and the opponent that triggered Shield Block is adjacent to you and is your size or smaller.","You push back as you block the attack, knocking your foe away or off balance. You use your shield to push the triggering creature, either automatically Shoving it 5 feet or causing it to become flat-footed until the start of your next turn. The triggering creature chooses whether to be moved or become flat-footed. If it chooses to be moved, you choose the direction. If the Shove would cause it to hit a solid object, enter a square of difficult terrain, or enter another creature’s space, it must become flat-footed instead of being moved.",,,,,,,,,,,,,,,,,Fighter,,,,,,
Assisting Shot,1A,,,,,,,,"With a quick shot, you interfere with a foe in combat. You can use the Aid action with a ranged weapon you wield. Instead of being within reach of the target, you must be within maximum range of the target. An Assisting Shot uses ammunition and incurs penalties just like any other attack.",,,,,,,,,,,,,,,,,Fighter,,,,,,
Brutish Shove,1A,,,,,,You are wielding a two-handed melee weapon.,,"Throwing your weight behind your attack, you hit your opponent hard enough to make it stumble back. Make a Strike with a two-handed melee weapon. If you hit a target that is your size or smaller, that creature is flat-footed until the end of your current turn, and you can automatically Shove it, with the same benefits as the Shove action (including the critical success effect, if your Strike was a critical hit). If you move to follow the target, your movement doesn’t trigger reactions.

This Strike has the following failure effect.",,,,The target becomes flat-footed until the end of your current turn.,,"If the Strike made during Brutish Shove hit a target that is your size or smaller, that creature is flat-footed until the end of your current turn, and you can automatically Shove it, with the same benefits as the Shove action (including the critical success effect, if your Strike was a critical hit). If you move to follow the target, your movement doesn’t trigger reactions.",Athletics,,,,,,,,,,Fighter,Press,,,,,
Combat Grab,1A,,,,,,"You have one hand free, and your target is within reach of that hand.",,"You swipe at your opponent and grab at them. Make a melee Strike while keeping one hand free. If the Strike hits, you grab the target using your free hand. The creature remains grabbed until the end of your next turn or until it Escapes, whichever comes first.",,,,,,,,,,,,,,,,,Fighter,Press,,,,,
Dueling Parry,1A,,,,,,You are wielding only a single one-handed melee weapon and have your other hand or hands free.,,You can parry attacks against you with your one-handed weapon. You gain a +2 circumstance bonus to AC until the start of your next turn as long as you continue to meet the requirements.,,,,,,,,,10,Dueling Parry,Dueling Parry,,,,,,Fighter,,,,,,
Intimidating Strike,2A,,,,,,,,"Your blow not only wounds creatures but also shatters their confidence. Make a melee Strike. If you hit and deal damage, the target is frightened 1, or frightened 2 on a critical hit.",,,,,,,,,,,,,,,,,Emotion,Fear,Fighter,Mental,,,
Lunge,1A,,,,,,You are wielding a melee weapon.,,"Extending your body to its limits, you attack an enemy that would normally be beyond your reach. Make a Strike with a melee weapon, increasing your reach by 5 feet for that Strike. If the weapon has the disarm, shove, or trip trait, you can use the corresponding action instead of a Strike.",,,,,,,,,,,,,,,,,Fighter,,,,,,
Double Shot,2A,,,,,,You are wielding a ranged weapon with reload 0.,,"You shoot twice in blindingly fast succession. Make two Strikes, each against a separate target and with a -2 penalty. Both attacks count toward your multiple attack penalty, but the penalty doesn’t increase until after you’ve made both of them.",,,,,,,,,,,,,,,,,Fighter,Flourish,,,,,
Dual-Handed Assault,1A,,,,,,You are wielding a one-handed melee weapon and have a free hand.,,"You snap your free hand over to grip your weapon just long enough to add momentum and deliver a more powerful blow to your opponent. Make a Strike with the required weapon. You quickly switch your grip during the Strike in order to make the attack with two hands. If the weapon doesn’t normally have the two-hand trait, increase its weapon damage die by one step for this attack. (Rules on increasing die size appear on page 279.) If the weapon has the two-hand trait, you gain the benefit of that trait and a circumstance bonus to damage equal to the weapon’s number of damage dice. When the Strike is complete, you resume gripping the weapon with only one hand. This action doesn’t end any stance or fighter feat effect that requires you to have one hand free.",,,,,,,,,,,,,,,,,Fighter,Flourish,,,,,
Everstand Strike,1A,,,,,,You are wielding a shield in two hands.,,"Your follow-up blow leaves you an opening to set your shield. Make a Strike with the wielded shield. If the Strike hits and deals damage, you also Raise your Shield.",,,,,,,,,,,,,,"If the Strike hits and deals damage, you also Raise your Shield.",,,Uncommon,Champion,Fighter,Press,,,
Knockdown,2A,,,,,,,,"You make an attack to knock a foe off balance, then follow up immediately with a sweep to topple them. Make a melee Strike. If it hits and deals damage, you can attempt an Athletics check to Trip the creature you hit. If you’re wielding a two-handed melee weapon, you can ignore Trip’s requirement that you have a hand free. Both attacks count toward your multiple attack penalty, but the penalty doesn’t increase until after you’ve made both of them.",,,,,,"If the Strike made during Knockdown hits and deals damage, you can attempt an Athletics check to Trip the creature you hit. If you’re wielding a two-handed melee weapon, you can ignore Trip’s requirement that you have a hand free.",Athletics,,,,,,,,,,Fighter,Flourish,,,,,
Quick Reversal,1A,,,,,,You are flanked by at least two enemies.,,You turn your foes' flanking against them with a quick reverse. Make a melee Strike against one of the flanking enemies and make a second Strike with the same weapon or unarmed attack against a different enemy that is flanking you. This second Strike has the same multiple attack penalty of the initial attack and doesn't count toward your multiple attack penalty.,,,,,,,,,,,,,,,,,Fighter,Flourish,Press,,,,
Swipe,2A,,,,,,,,"You make a wide, arcing swing. Make a single melee Strike and compare the attack roll result to the ACs of up to two foes, each of whom must be within your melee reach and adjacent to the other. Roll damage only once and apply it to each creature you hit. A Swipe counts as two attacks for your multiple attack penalty. If you’re using a weapon with the sweep trait, its modifier applies to all your Swipe attacks.",,,,,,,,,,,,,,,,,Barbarian,Fighter,Flourish,,,,
Twin Parry,1A,,,,,,"You are wielding two melee weapons, one in each hand.",,"You use your two weapons to parry attacks. You gain a +1 circumstance bonus to AC until the start of your next turn, or a +2 circumstance bonus if either weapon has the parry trait. You lose this circumstance bonus if you no longer meet this feat’s requirement.",,,,,,,,,10,Twin Parry,Twin Parry,,,,,,Fighter,Ranger,,,,,
Advantageous Assault,1A,,,,,,,,"When an enemy’s movement is compromised, you deliver a more deadly blow. Make a Strike against a creature that is grabbed, prone, or restrained. You gain a circumstance bonus to damage on this Strike equal to the number of weapon damage dice, or that number + 2 if you’re wielding the weapon in two hands. The Strike gains the following failure effect.",,,,"You deal damage to the target equal to the number of weapon damage dice, or that number + 2 if you’re wielding the weapon in two hands. This damage has the same damage type as the weapon.",,,,,,,,,,,,,Fighter,Press,,,,,
Disarming Stance,1A,,,,TRUE,,You are wielding only a single one-handed melee weapon and have your other hand or hands free.,,"You adopt a fencing stance that improves your control over your weapon. While you are in this stance, you gain a +1 circumstance bonus to Athletics checks to Disarm and a +2 circumstance bonus to your Reflex DC when defending against checks to Disarm you. In addition, you can attempt to Disarm creatures up to two sizes larger than you.",,,,,,,,,-1,Disarming Stance,Disarming Stance,,,,,,Fighter,Stance,,,,,
Guardian's Deflection,Reaction,,,,,,You are wielding a single one-handed melee weapon and have your other hand or hands free.,"An ally within your melee reach is hit by an attack, you can see the attacker, and the ally gaining a +2 circumstance bonus to AC would turn the critical hit into a hit or the hit into a miss.","You use your weapon to deflect the attack against your ally, granting a +2 circumstance bonus to their Armor Class against the triggering attack. This turns the triggering critical hit into a hit, or the triggering hit into a miss.",,,,,,,,,,,,,,,,,Fighter,,,,,,
Revealing Stab,2A,,,,,,You are wielding a melee weapon that deals piercing damage.,,"You drive your piercing weapon into an imperceptible foe, revealing its location to your allies. Make a Strike with the required melee weapon. You don’t have to attempt a flat check to hit a concealed creature, and you have to succeed at only a DC 5 flat check to target a hidden creature. If you hit and deal damage, you can drive the required weapon into a corporeal target, revealing its current position. You Release the weapon, and it becomes lodged in the target. If the target is concealed, other creatures don’t need to succeed at a flat check to hit it. If the target is hidden, other creatures have to succeed at only a DC 5 flat check to target it. The creatures need to be able to see your weapon to gain any of these benefits, and the target can’t become undetected to anyone who sees your weapon. If the target is invisible, the weapon remains visible while lodged in it.

This benefit lasts until the weapon is removed from the creature. An adjacent creature or the target can remove the weapon with 2 Interact actions.",,,,,,,,,,,,,,,,,Fighter,,,,,,
Shatter Defenses,1A,,,,,,A frightened creature is in your melee reach.,,"Your offense exploits your enemy’s fear. Make a melee Strike against a frightened creature. If you hit and deal damage, the target becomes flat-footed until its frightened condition ends. If the target was already flat-footed to you when you damaged it with this Strike, it can’t reduce its frightened value below 1 until the start of your next turn.",,,,,,,,,,,,,,,,,Fighter,Press,,,,,
Dueling Riposte,Reaction,,,,,,You are benefiting from Dueling Parry.,A creature within your reach critically fails a Strike against you.,You riposte against your flailing enemy. Make a melee Strike against or attempt to Disarm the triggering creature.,,,,,,,,,,,,,,,,,Fighter,,,,,,
Felling Strike,2A,,,,,,,,"Your attack can ground an airborne foe. Make a Strike. If it hits and deals damage to a flying target, the target falls up to 120 feet. The fall is gradual enough that if it causes the target to hit the ground, the target takes no damage from the fall. If the attack is a critical hit, the target can’t Fly, Leap, levitate, or otherwise leave the ground until the end of your next turn.",,,,,,,,,,,,,,,,,Fighter,,,,,,
Impassable Wall Stance,1A,,,,TRUE,,,,"You refuse to let foes past your guard. As long as you are in this stance, when you critically hit with an Attack of Opportunity triggered by a move action, you disrupt that move action.",,,,,,,,,-1,Impassable Wall Stance,Impassable Wall Stance,,,,,,Uncommon,Champion,Fighter,,,,
Incredible Aim,2A,,,,,,,,"By spending a moment to focus, you can ensure your attack strikes true. Make a ranged weapon Strike. On this Strike, you gain a +2 circumstance bonus to the attack roll and ignore the target’s concealed condition.",,,,,,,,,,,,,,,,,Concentrate,Fighter,,,,,
Mobile Shot Stance,1A,,,,TRUE,,,,"Your shots become nimble and deadly. While you’re in this stance, your ranged Strikes don’t trigger Attacks of Opportunity or other reactions that are triggered by a ranged attack. If you have Attack of Opportunity, you can use it with a loaded ranged weapon you’re wielding. The triggering creature must be within 5 feet of you for you to do so.",,,,,,,,,-1,Mobile Shot Stance,Mobile Shot Stance,,,,,,Fighter,Stance,,,,,
Positioning Assault,2A,,,,,,You are wielding a two-handed melee weapon and your target is within your reach.,,"With punishing blows, you force your opponent into position. Make a Strike with the required weapon. If you hit, you move the target 5 feet into a space in your reach. This follows the forced movement rules.",,,,,,,,,,,,,,,,,Fighter,Flourish,,,,,
Sudden Leap,2A,,,,,,,,"You make an impressive leap and swing while you soar. Make a Leap, High Jump, or Long Jump and attempt one melee Strike at any point during your jump. Immediately after the Strike, you fall to the ground if you’re in the air, even if you haven’t reached the maximum distance of your jump. If the distance you fall is no more than the height of your jump, you take no damage and land upright.

When attempting a High Jump or Long Jump during a Sudden Leap, determine the DC using the Long Jump DCs, and increase your maximum distance to double your Speed.","If you have Felling Strike, you can spend 3 actions to make a Sudden Leap and use Felling Strike instead of a normal Strike.",,,,,,,,,,,,,,,,Barbarian,Fighter,,,,,
Certain Strike,1A,,,,,,,,"Even when you don’t hit squarely, you can still score a glancing blow. Make a melee Strike. It gains the following failure effect.",,,,"Your attack deals any damage it would have dealt on a hit, excluding all damage dice. (This removes damage dice from weapon runes, spells, and special abilities, in addition to weapon damage dice.)",,,,,,,,,,,,,Fighter,Press,,,,,
Debilitating Shot,2A,,,,,,,,"Aiming for a weak point, you impede your foe with a precise shot. Make a ranged weapon Strike. If it hits and deals damage, the target is slowed 1 until the end of its next turn.",,,,,,,,,,,,,,,,,Fighter,Flourish,,,,,
Disarming Twist,1A,,,,,,You are wielding only a single one-handed melee weapon and have your other hand or hands free.,,"After your initial attack redirects your foe’s defenses, your follow-up wrests their weapon from their grasp. Make a melee Strike with the required weapon. In addition to its other effects, this Strike gains the success and critical success effects of the Disarm action. The Strike also has the following failure effect.",,,,The target is flat-footed until the end of your current turn.,,,,,,,,,,,,,Fighter,Press,,,,,
Disruptive Stance,1A,,,,TRUE,,,,"The slightest distraction can provoke your wrath, and you’re prepared to foil enemies’ actions. As long as you are in this stance, you can use Attack of Opportunity when a creature within your reach uses a concentrate action, in addition to manipulate and move actions. Furthermore, you disrupt a triggering concentrate or manipulate action if your Strike hits (not only if it’s a critical hit).",,,,,,,,,-1,Disruptive Stance,Disruptive Stance,,,,,,Fighter,Stance,,,,,
Mirror Shield,Reaction,,,,,,You have a shield raised.,An opponent casting a spell that targets you critically fails a spell attack roll against your AC.,"You reflect the spell back against the triggering opponent. Make a ranged attack against the triggering creature using your highest proficiency with a ranged weapon. If you can cast spells, you can make a spell attack roll instead. If you succeed, your opponent takes the effects of a successful spell attack roll for their own spell (or the effects of a critical success if your attack roll was a critical success).",,,,,,,,,,,,,,,,,Fighter,,,,,,
Twin Riposte,Reaction,,,,,,You are benefiting from Twin Parry.,A creature within your reach critically fails a Strike against you.,A clever parry with one weapon leaves your opponent open to an attack with the other weapon. Make a melee Strike or use a Disarm action against the triggering opponent.,,,,,,,,,,,,,,,,,Fighter,Ranger,,,,,
Brutal Finish,1A,,,,,,You are wielding a melee weapon in two hands.,,"Your final blow can make an impact even if it rebounds off a foe’s defenses. Make a Strike with the required weapon. After the Strike, your turn ends. The Strike deals one extra weapon damage die, or two extra weapon damage dice if you’re at least 18th level. The Strike also gains the following failure effect.",,,,You deal damage equal to one weapon damage die of the required weapon. Increase this to two dice if you’re at least 18th level.,,,,,,,,,,,,,Fighter,Press,,,,,
Dueling Dance,1A,,,,TRUE,,You are wielding only a single one-handed melee weapon and have your other hand or hands free.,,"Using your free hand as pivot and balance, you both attack and defend with your weapon. While you are in this stance, you constantly have the benefits of Dueling Parry.",,,,,,,,,-1,Dueling Parry,Dueling Dance,,,,,,Fighter,Stance,,,,,
Incredible Ricochet,1A,,,,,,,,"After your first shot singles out your opponent’s position, you direct another that ricochets around obstacles and strikes unerringly. Make a ranged weapon Strike against a creature you previously attacked this turn. You ignore the target’s concealed condition and all cover.",,,,,,,,,,,,,,,,,Concentrate,Fighter,Press,,,,
Lunging Stance,1A,,,,TRUE,,You are wielding a melee weapon.,,"Your body coiled to strike, you can lash out at distant enemies. While you are in this stance, you can use Attack of Opportunity against a creature that is outside your reach but within the reach you would have with a Lunge. If you do, you increase your range with the Strike by 5 feet.",,,,,,,,,-1,Lunging Stance,Lunging Stance,,,,,,Fighter,Stance,,,,,
Paragon's Guard,1A,,,,,,,,"Once you’ve had a moment to set your stance, you always have your shield ready without a thought. While you are in this stance, you constantly have your shield raised as if you’d used the Raise a Shield action, as long as you meet that action’s requirements.",,,,,,,,,,,,,,Lower your shield after you end this stance.,Raise Shield,1,Fighter,Stance,,,,,
Spring Attack,1A,,,,,,You are adjacent to an enemy.,,"Springing away from one foe, you Strike at another. Stride up to your Speed, but you must end that movement within melee reach of a different enemy. At the end of your movement, make a melee Strike against an enemy now within reach. You can use Spring Attack while Burrowing, Climbing, Flying, or Swimming instead of Striding if you have the corresponding movement type.",,,,,,,,,,,,,,,,,Fighter,Press,,,,,
Desperate Finisher,Reaction,,,,,,You meet the requirements to use an action with the press trait.,"You complete the last action on your turn, and your turn has not ended yet.",You throw everything into one last press. Use a single action that you know with the press trait as part of Desperate Finisher. You forgo the ability to use reactions until the start of your next turn.,,,,,,,,,,,,,,,,,Fighter,,,,,,
Determination,1A,,once per day,,,144000,,,"Your training allows you to shrug off your foes’ spells and conditions when the need is dire. Choose a single nonpermanent spell or condition that is affecting you. If you chose a condition, its effect on you ends. If you chose a spell, attempt to counteract the spell (your level is your counteract level, and you attempt a Will save as your counteract check).

This doesn’t remove any Hit Point damage normally dealt by the spell or condition, and it doesn’t prevent the spell or debilitating effect from affecting other allies or the environment around you. It can’t remove an ongoing affliction or prevent such an affliction from inflicting conditions on you later. It can’t remove conditions from the situation (such as prone or flanked). If the effect comes from a creature, hazard, or item of 20th level or higher, Determination can’t remove its effect on you.",,,,,,,,,,,,,,,,,Concentrate,Fighter,,,,,
Guiding Finish,1A,,,,,,You are wielding only a single one-handed melee weapon and have your other hand or hands free.,,"Using your weapon as a lever, you force your opponent to end up right where you want them. Make a Strike with the required weapon. If the Strike hits, you can move the target up to 10 feet into a space in your reach. You can move the target through your space during this movement. This follows the forced movement rules. Your Strike gains the following failure effect.",,,,"You can force the creature to move as you would on a success, but you can move the target only 5 feet.",,,,,,,,,,,,,Fighter,Press,,,,,
Stance Savant (Fighter),Free,,,,,,,You roll initiative.,"When there’s imminent danger, you drop into a stance with a mere thought. Use an action that has the stance trait.",,,,,,,,,,,,,,,,,Fighter,,,,,,
Two-Weapon Flurry,1A,,,,,,"You are wielding two weapons, each in a different hand.",,"You lash out with both your weapons in a sudden frenzy. Strike twice, once with each weapon.",,,,,,,,,,,,,,,,,Fighter,Flourish,Press,,,,
Whirlwind Strike,3A,,,,,,,,"You attack all nearby adversaries. Make a melee Strike against each enemy within your melee reach. Each attack counts toward your multiple attack penalty, but do not increase your penalty until you have made all your attacks.",,,,,,,,,,,,,,,,,Barbarian,Fighter,Flourish,Open,,,
Graceful Poise,1A,,,,TRUE,,,,"With the right positioning, your off-hand weapon can strike like a scorpion’s stinger. While you are in this stance, if you make your second Strike from Double Slice with an agile weapon, Double Slice counts as one attack when calculating your multiple attack penalty.",,,,,,,,,-1,Graceful Poise,Graceful Poise,,,,,,Fighter,Stance,,,,,
Multishot Stance,1A,,,,TRUE,,You are wielding a ranged weapon with reload 0.,,"You lock yourself in a stable position so you can fire swiftly and accurately. While you are in this stance, your penalty for Double Shot is reduced to -1, or -2 if you add the extra action to make three Strikes. If you move from your position, this stance ends.",,,,,,,,,-1,Multishot Stance,Multishot Stance,,,,,,Fighter,Stance,,,,,
Twinned Defense,1A,,,,TRUE,,"You are wielding two melee weapons, one in each hand.",,"You’re always ready to use your off-hand weapon to interfere with attacks against you. While you are in this stance, you constantly gain the benefits of the Twin Parry action.",,,,,,,,,-1,Twin Parry,Twinned Defense,,,,,,Fighter,Stance,,,,,
Impossible Volley (Fighter),3A,,,,,,You are wielding a ranged weapon with the volley trait and reload 0.,,"You fire a volley at all foes in an area. Make one Strike with a -2 penalty against each enemy within a 10-foot-radius burst centered at or beyond your weapon’s volley range. Roll the damage only once for all targets.

Each attack counts toward your multiple attack penalty, but do not increase your penalty until you have made all your attacks.","When taken as a Fighter feat, this feat has the Flourish and Open traits.",,,,,,,,,,,,,,,,Fighter,Flourish,Open,Ranger,,,
Master Strike,Free,,,,,,,Your Strike hits a flat-footed creature and deals damage.,The target attempts a Fortitude save at your class DC. It then becomes temporarily immune to your Master Strike for 1 day.,,The target is unaffected.,The target is enfeebled 2 until the end of your next turn.,The target is paralyzed for 4 rounds.,"The target is paralyzed for 4 rounds, knocked unconscious for 2 hours, or killed (your choice).",,,,,,,,,,,,Incapacitation,Rogue,,,,,
