name,_className,level,price,bulk,id,actions,activationType,sourceBook,craftRequirement,usage,desc,inputRequired,subType,subTypeDesc,traits/0,traits/1,traits/2,traits/3,traits/4,traits/5,gainConditions/0/_className,gainConditions/0/duration,gainConditions/0/name,gainConditions/0/source,gainConditions/0/value,gainItems/0/_className,gainItems/0/expiration,gainItems/0/name,gainItems/0/type,gainItems/1/_className,gainItems/1/expiration,gainItems/1/name,gainItems/1/type,benefit,drawback
Lastwall Soup,AlchemicalElixir,1,300,L,eee17158-a916-11ea-bb37-0242ac130002,1 minute,Interact,Character Guide,,held in 2 hands,"Crimson Reclaimers make this rich, hearty soup using herbs that baffle the senses of the undead. A bowl of Lastwall soup is as nourishing as a full meal. In addition, for 1 hour after consuming a bowl of Lastwall soup, you gain a +2 item bonus to Stealth checks and DCs against undead.",,,,Uncommon,Alchemical,Consumable,Elixir,,,ConditionGain,6000,Lastwall Soup,Lastwall Soup,,,,,,,,,,,
Antidote (Lesser),AlchemicalElixir,1,300,L,eee17356-a916-11ea-bb37-0242ac130002,1A,Interact,,,held in 1 hand,"An antidote protects you against toxins. Upon drinking an antidote, you gain an item bonus to Fortitude saving throws against poisons for 6 hours.",,Lesser,You gain a +2 item bonus.,Alchemical,Consumable,Elixir,,,,ConditionGain,36000,Antidote (Lesser),Antidote (Lesser),,,,,,,,,,,
Antiplague (Lesser),AlchemicalElixir,1,300,L,eee1759a-a916-11ea-bb37-0242ac130002,1A,Interact,,,held in 1 hand,"Antiplague can fortify the body’s defenses against diseases. Upon drinking an antiplague, you gain an item bonus to Fortitude saving throws against diseases for 24 hours; this applies to your daily save against a disease’s progression.",,Lesser,You gain a +2 item bonus.,Alchemical,Consumable,Elixir,,,,ConditionGain,144000,Antiplague (Lesser),Antiplague (Lesser),,,,,,,,,,,
Cheetah's Elixir (Lesser),AlchemicalElixir,1,300,L,eee1770c-a916-11ea-bb37-0242ac130002,1A,Interact,,,held in 1 hand,Enzymatic compounds in this elixir strengthen and excite the muscles in your legs. You gain a status bonus to your Speed for the listed duration.,,Lesser,"The bonus is +5 feet, and the duration is 1 minute.",Alchemical,Consumable,Elixir,,,,ConditionGain,100,Cheetah's Elixir,Cheetah's Elixir (Lesser),5,,,,,,,,,,
Elixir of Life (Minor),AlchemicalElixir,1,300,L,eee177f2-a916-11ea-bb37-0242ac130002,1A,Interact,,,held in 1 hand,"Elixirs of life accelerate the body’s natural healing processes and immune system. Upon drinking this elixir, you regain the listed number of Hit Points and gain an item bonus to saving throws against diseases and poisons for 10 minutes.","Upon drinking this elixir, you regain the listed number of Hit Points.",Minor,"The elixir restores 1d6 Hit Points, and the bonus is +1.",Alchemical,Consumable,Elixir,Healing,,,ConditionGain,1000,Elixir of Life (Minor),Elixir of Life (Minor),,,,,,,,,,,
Leaper's Elixir (Lesser),AlchemicalElixir,1,300,L,89bdd233-8e09-11ea-9fab-e92c63c14723,1A,Interact,,,held in 1 hand,"This tingly solution increases the elasticity and contraction of your leg muscles. For 1 minute after drinking this elixir, you can High Jump or Long Jump as a single action instead of 2 actions. If you do, you don't perform the initial Stride (nor do you fail if you don't Stride 10 feet).",,,,Alchemical,Consumable,Elixir,,,,ConditionGain,100,Leaper's Elixir (Lesser),Leaper's Elixir (Lesser),,,,,,,,,,,
Serene Mutagen (Lesser),AlchemicalElixir,1,400,L,eee17b12-a916-11ea-bb37-0242ac130002,1A,Interact,,,held in 1 hand,"You gain inner serenity, focused on fine details and steeled against mental assaults, but you find violence off-putting.",,Lesser,"The bonus is +1, or +2 vs. mental, and the duration is 1 minute.",Alchemical,Consumable,Elixir,Mutagen,Polymorph,,ConditionGain,100,Serene Mutagen (Lesser),Serene Mutagen (Lesser),,,,,,,,,,"You gain an item bonus to Will saves and Perception, Medicine, Nature, Religion, and Survival checks. This bonus improves when you attempt Will saves against mental effects. ","You take a –1 penalty to attack rolls and save DCs of offensive spells, and a –1 penalty per damage die to all weapon, unarmed attack, and spell damage."
Silvertongue Mutagen (Lesser),AlchemicalElixir,1,400,L,eee17bda-a916-11ea-bb37-0242ac130002,1A,Interact,,,held in 1 hand,"Your features become striking and your voice becomes musical and commanding, though facts and figures become hazy for you and emotion clouds your ability to reason.",,Lesser,"The bonus is +1, and the duration is 1 minute.",Alchemical,Consumable,Elixir,Mutagen,Polymorph,,ConditionGain,100,Silvertongue Mutagen,Silvertongue Mutagen (Lesser),1,,,,,,,,,"You gain an item bonus to Deception, Diplomacy, Intimidation, and Performance checks. Your critical failures with any of these skill become failures instead.","You take a –2 item penalty to Arcana, Crafting, Lore, Occultism, and Society checks. Choose one skill in which you are trained; for the duration, you become untrained in that skill. All your failures on checks to Recall Knowledge become critical failures."
Bestial Mutagen (Lesser),AlchemicalElixir,1,400,L,eee17c98-a916-11ea-bb37-0242ac130002,1A,Interact,,,held in 1 hand,"Your features transform into something bestial and you take on muscle mass, but your lumbering form is clumsy.",,Lesser,"You gain a +1 item bonus, your claw deals 1d4 slashing damage, your jaws deal 1d6 piercing damage, and the duration is 1 minute.",Alchemical,Consumable,Elixir,Mutagen,Polymorph,,ConditionGain,100,Bestial Mutagen,Bestial Mutagen (Lesser),1,ItemGain,100,Bestial Mutagen Claw (Lesser),weapons,ItemGain,100,Bestial Mutagen Jaws (Lesser),weapons,You gain an item bonus to Athletics checks and unarmed attack rolls. You gain a claw unarmed attack with the agile trait and a jaws unarmed attack.,You take a –1 penalty to AC and a –2 penalty to Reflex saves.
Cognitive Mutagen (Lesser),AlchemicalElixir,1,400,L,eee17e50-a916-11ea-bb37-0242ac130002,1A,Interact,,,held in 1 hand,"Your mind becomes clear and cognition flows freely, but physical matters seem ephemeral.",,Lesser,"The bonus is +1, and the duration is 1 minute.",Alchemical,Consumable,Elixir,Mutagen,Polymorph,,ConditionGain,100,Cognitive Mutagen (Lesser),Cognitive Mutagen (Lesser),,,,,,,,,,"You gain an item bonus to Arcana, Crafting, Lore, Occultism, and Society checks and all checks to Recall Knowledge. Your critical failures on Recall Knowledge checks become failures instead. ","You take a –2 penalty to weapon and unarmed attack rolls, Athletics checks, and Acrobatics checks. You can carry 2 less Bulk than normal before becoming encumbered, and the maximum Bulk you can carry is reduced by 4."
Eagle-Eye Elixir (Lesser),AlchemicalElixir,1,400,L,eee17f18-a916-11ea-bb37-0242ac130002,1A,Interact,,,held in 1 hand,"After you drink this elixir, you notice subtle visual details. For the next hour, you gain an item bonus to Perception checks that is greater when attempting to find secret doors and traps.",,Lesser,"The bonus is +1, or +2 to find secret doors and traps.",Alchemical,Consumable,Elixir,,,,ConditionGain,6000,Eagle-Eye Elixir,Eagle-Eye Elixir (Lesser),1,,,,,,,,,,
Juggernaut Mutagen (Lesser),AlchemicalElixir,1,400,L,89bdd231-8e09-11ea-9fab-e92c63c14723,1A,Interact,,,held in 1 hand,"After you drink this mutagen, your body becomes thick and sturdy. You exhibit a healthy glow, though you tend to be ponderous and unobservant.",,Lesser,"The bonus is +1, you gain 5 temporary Hit Points, and the duration is 1 minute.",Alchemical,Consumable,Elixir,Mutagen,Polymorph,,ConditionGain,100,Juggernaut Mutagen (Lesser),Juggernaut Mutagen (Lesser),,,,,,,,,,"You gain an item bonus of +1 to Fortitude saves and 5 temporary Hit Points. Whenever you are at maximum Hit Points for at least 1 full minute, you regain the temporary Hit Points.","You take a -2 penalty to Will saves, Perception checks, and initiative rolls."
Quicksilver Mutagen (Lesser),AlchemicalElixir,1,400,L,eee18080-a916-11ea-bb37-0242ac130002,1A,Interact,,,held in 1 hand,"Your features become thin and angular. You become swifter and nimbler, but your body also becomes fragile.",,Lesser,"The bonus to rolls is +1, the bonus to Speed is +5 feet, and the duration is 1 minute.",Alchemical,Consumable,Elixir,Mutagen,Polymorph,,ConditionGain,100,Quicksilver Mutagen,Quicksilver Mutagen (Lesser),1,,,,,,,,,"You gain an item bonus to Acrobatics checks, Stealth checks, Thievery checks, Reflex saves, and ranged attack rolls, and you gain the listed status bonus to your Speed.",You take damage equal to twice your level; you can’t recover Hit Points lost in this way by any means while the mutagen lasts. You take a –2 penalty to Fortitude saves.
"Energy Mutagen (Acid, Lesser)",AlchemicalElixir,1,400,L,eee1813e-a916-11ea-bb37-0242ac130002,1A,Interact,The Fall of Plaguestone,,held in 1 hand,"When created, this mutagen is attuned to your choice of one of four energy types: acid, cold, electricity, or fire. When consumed, the mutagen suffuses your body with energy that spills out of you whenever you attack. At higher levels, it can even grant you the ability to unleash the energy in controlled bursts.",,"Acid, Lesser","You gain acid resistance 5, add 1 point of acid damage on a hit with a melee weapon, and the duration is 1 minute.",Uncommon,Alchemical,Consumable,Elixir,Mutagen,Polymorph,ConditionGain,100,"Energy Mutagen (Acid, Lesser)","Energy Mutagen (Acid, Lesser)",,,,,,,,,,"You gain resistance to the attuned energy type. Whenever you score a hit with a melee weapon, add the listed amount of damage of the attuned energy type.",You gain weakness 5 to the other three energy types.
"Energy Mutagen (Cold, Lesser)",AlchemicalElixir,1,400,L,a8fe643a-a983-11ea-bb37-0242ac130002,1A,Interact,The Fall of Plaguestone,,held in 1 hand,"When created, this mutagen is attuned to your choice of one of four energy types: cold, cold, electricity, or fire. When consumed, the mutagen suffuses your body with energy that spills out of you whenever you attack. At higher levels, it can even grant you the ability to unleash the energy in controlled bursts.",,"Cold, Lesser","You gain cold resistance 5, add 1 point of cold damage on a hit with a melee weapon, and the duration is 1 minute.",Uncommon,Alchemical,Consumable,Elixir,Mutagen,Polymorph,ConditionGain,100,"Energy Mutagen (Cold, Lesser)","Energy Mutagen (Cold, Lesser)",,,,,,,,,,"You gain resistance to the attuned energy type. Whenever you score a hit with a melee weapon, add the listed amount of damage of the attuned energy type.",You gain weakness 5 to the other three energy types.
"Energy Mutagen (Electricity, Lesser)",AlchemicalElixir,1,400,L,a8fe6692-a983-11ea-bb37-0242ac130002,1A,Interact,The Fall of Plaguestone,,held in 1 hand,"When created, this mutagen is attuned to your choice of one of four energy types: electricity, cold, electricity, or fire. When consumed, the mutagen suffuses your body with energy that spills out of you whenever you attack. At higher levels, it can even grant you the ability to unleash the energy in controlled bursts.",,"Electricity, Lesser","You gain electricity resistance 5, add 1 point of electricity damage on a hit with a melee weapon, and the duration is 1 minute.",Uncommon,Alchemical,Consumable,Elixir,Mutagen,Polymorph,ConditionGain,100,"Energy Mutagen (Electricity, Lesser)","Energy Mutagen (Electricity, Lesser)",,,,,,,,,,"You gain resistance to the attuned energy type. Whenever you score a hit with a melee weapon, add the listed amount of damage of the attuned energy type.",You gain weakness 5 to the other three energy types.
"Energy Mutagen (Fire, Lesser)",AlchemicalElixir,1,400,L,a8fe67a0-a983-11ea-bb37-0242ac130002,1A,Interact,The Fall of Plaguestone,,held in 1 hand,"When created, this mutagen is attuned to your choice of one of four energy types: fire, cold, electricity, or fire. When consumed, the mutagen suffuses your body with energy that spills out of you whenever you attack. At higher levels, it can even grant you the ability to unleash the energy in controlled bursts.",,"Fire, Lesser","You gain fire resistance 5, add 1 point of fire damage on a hit with a melee weapon, and the duration is 1 minute.",Uncommon,Alchemical,Consumable,Elixir,Mutagen,Polymorph,ConditionGain,100,"Energy Mutagen (Fire, Lesser)","Energy Mutagen (Fire, Lesser)",,,,,,,,,,"You gain resistance to the attuned energy type. Whenever you score a hit with a melee weapon, add the listed amount of damage of the attuned energy type.",You gain weakness 5 to the other three energy types.
Darkvision Elixir (Lesser),AlchemicalElixir,1,600,L,d7a3efe3-cf2d-4802-a9ec-c1d0581c3c92,1A,Interact,,,held in 1 hand,"After you drink this elixir, your sight becomes sharper in darkness. You gain darkvision for the listed duration.",,Lesser,The duration is 10 minutes.,Alchemical,Consumable,Elixir,,,,ConditionGain,1000,Darkvision Elixir,Darkvision Elixir (Lesser),,,,,,,,,,,
Infiltrator's Elixir,AlchemicalElixir,2,600,L,eee183d2-a916-11ea-bb37-0242ac130002,1A,Interact,,,held in 1 hand,"Favored by spies and tricksters, an infiltrator’s elixir is used to alter your appearance. When imbibed, you take the shape of a humanoid creature of your size, but different enough so you might be unrecognizable. If you aren’t a humanoid, you might take on a form more similar to your own, at the GM’s discretion.

The creator of the elixir decides the basics of the appearance you transform into when you imbibe the elixir, including eye color, skin tone, and hair color. The elixir can’t change your form into that of a specific person. After the form takes hold, you retain it for the next 10 minutes. 

Drinking this elixir counts as setting up a disguise to Impersonate. You gain a +4 status bonus to your Deception DC to avoid others seeing through your disguise, and you add your level to this DC even if untrained. ",,,,Alchemical,Consumable,Elixir,Polymorph,,,ConditionGain,1000,Infiltrator's Elixir,Infiltrator's Elixir,,,,,,,,,,,
Bravo's Brew (Lesser),AlchemicalElixir,2,700,L,eee1849a-a916-11ea-bb37-0242ac130002,1A,Interact,,,held in 1 hand,"This flask of foaming beer grants courage. For the next hour after drinking this elixir, you gain an item bonus to Will saves, which is greater when attempting Will saves against fear.",,Lesser,"The bonus on Will saves is +1, or +2 against fear.",Alchemical,Consumable,Elixir,Mental,,,ConditionGain,6000,Bravo's Brew,Bravo's Brew (Lesser),1,,,,,,,,,,
Cat's Eye Elixir,AlchemicalElixir,2,700,L,eee1854e-a916-11ea-bb37-0242ac130002,1A,Interact,,,held in 1 hand,"After you consume this elixir, your vision sharpens and you become sensitive to even the most minute movements. For the next minute, you reduce the flat check to target hidden creatures to 5, and you don’t need to attempt a flat check to target concealed creatures. These benefits apply only against creatures within 30 feet of you. ",,,,Alchemical,Consumable,Elixir,,,,ConditionGain,1000,Cat's Eye Elixir,Cat's Eye Elixir,,,,,,,,,,,
Comprehension Elixir (Lesser),AlchemicalElixir,2,700,L,eee18670-a916-11ea-bb37-0242ac130002,1A,Interact,,,held in 1 hand,"This bitter draught opens your mind to the potential of the written word. For the listed duration after drinking this elixir, you can understand any words you read, so long as they are written in a common language. This elixir doesn’t automatically allow you to understand codes or extremely esoteric passages—you still need to attempt a skill check to Decipher Writing.",,Lesser,The duration is 1 minute.,Alchemical,Consumable,Elixir,Mental,,,ConditionGain,100,Comprehension Elixir,Comprehension Elixir (Lesser),,,,,,,,,,,
Serene Mutagen (Moderate),AlchemicalElixir,3,1200,L,eee1876a-a916-11ea-bb37-0242ac130002,1A,Interact,,,held in 1 hand,"You gain inner serenity, focused on fine details and steeled against mental assaults, but you find violence off-putting.",,Moderate,"The bonus is +2, or +3 vs. mental, and the duration is 10 minutes.",Alchemical,Consumable,Elixir,Mutagen,Polymorph,,ConditionGain,1000,Serene Mutagen (Moderate),Serene Mutagen (Moderate),,,,,,,,,,"You gain an item bonus to Will saves and Perception, Medicine, Nature, Religion, and Survival checks. This bonus improves when you attempt Will saves against mental effects. ","You take a –1 penalty to attack rolls and save DCs of offensive spells, and a –1 penalty per damage die to all weapon, unarmed attack, and spell damage."
Silvertongue Mutagen (Moderate),AlchemicalElixir,3,1200,L,eee18828-a916-11ea-bb37-0242ac130002,1A,Interact,,,held in 1 hand,"Your features become striking and your voice becomes musical and commanding, though facts and figures become hazy for you and emotion clouds your ability to reason.",,Moderate,"The bonus is +2, and the duration is 10 minutes.",Alchemical,Consumable,Elixir,Mutagen,Polymorph,,ConditionGain,1000,Silvertongue Mutagen,Silvertongue Mutagen (Moderate),2,,,,,,,,,"You gain an item bonus to Deception, Diplomacy, Intimidation, and Performance checks. Your critical failures with any of these skill become failures instead.","You take a –2 item penalty to Arcana, Crafting, Lore, Occultism, and Society checks. Choose one skill in which you are trained; for the duration, you become untrained in that skill. All your failures on checks to Recall Knowledge become critical failures."
Bestial Mutagen (Moderate),AlchemicalElixir,3,1200,L,eee189c2-a916-11ea-bb37-0242ac130002,1A,Interact,,,held in 1 hand,"Your features transform into something bestial and you take on muscle mass, but your lumbering form is clumsy.",,Moderate,"You gain a +2 item bonus, your claw deals 1d6 slashing damage, your jaws deal 1d8 piercing damage, and the duration is 10 minutes.",Alchemical,Consumable,Elixir,Mutagen,Polymorph,,ConditionGain,1000,Bestial Mutagen,Bestial Mutagen (Moderate),2,ItemGain,1000,Bestial Mutagen Claw (Moderate),weapons,ItemGain,1000,Bestial Mutagen Jaws (Moderate),weapons,You gain an item bonus to Athletics checks and unarmed attack rolls. You gain a claw unarmed attack with the agile trait and a jaws unarmed attack.,You take a –1 penalty to AC and a –2 penalty to Reflex saves.
Cognitive Mutagen (Moderate),AlchemicalElixir,3,1200,L,eee18a8a-a916-11ea-bb37-0242ac130002,1A,Interact,,,held in 1 hand,"Your mind becomes clear and cognition flows freely, but physical matters seem ephemeral.",,Moderate,"The bonus is +2, and the duration is 10 minutes.",Alchemical,Consumable,Elixir,Mutagen,Polymorph,,ConditionGain,1000,Cognitive Mutagen (Moderate),Cognitive Mutagen (Moderate),,,,,,,,,,"You gain an item bonus to Arcana, Crafting, Lore, Occultism, and Society checks and all checks to Recall Knowledge. Your critical failures on Recall Knowledge checks become failures instead. ","You take a –2 penalty to weapon and unarmed attack rolls, Athletics checks, and Acrobatics checks. You can carry 2 less Bulk than normal before becoming encumbered, and the maximum Bulk you can carry is reduced by 4."
Juggernaut Mutagen (Moderate),AlchemicalElixir,3,1200,L,eee18b48-a916-11ea-bb37-0242ac130002,1A,Interact,,,held in 1 hand,"After you drink this mutagen, your body becomes thick and sturdy. You exhibit a healthy glow, though you tend to be ponderous and unobservant.",,Moderate,"The bonus is +1, you gain 5 temporary Hit Points, and the duration is 1 minute.",Alchemical,Consumable,Elixir,Mutagen,Polymorph,,ConditionGain,1000,Juggernaut Mutagen (Moderate),Juggernaut Mutagen (Moderate),,,,,,,,,,"You gain an item bonus of +1 to Fortitude saves and 5 temporary Hit Points. Whenever you are at maximum Hit Points for at least 1 full minute, you regain the temporary Hit Points.","You take a -2 penalty to Will saves, Perception checks, and initiative rolls."
Quicksilver Mutagen (Moderate),AlchemicalElixir,3,1200,L,eee18c06-a916-11ea-bb37-0242ac130002,1A,Interact,,,held in 1 hand,"Your features become thin and angular. You become swifter and nimbler, but your body also becomes fragile.",,Moderate,"The bonus to rolls is +2, the bonus to Speed is +10 feet, and the duration is 10 minutes.",Alchemical,Consumable,Elixir,Mutagen,Polymorph,,ConditionGain,1000,Quicksilver Mutagen,Quicksilver Mutagen (Moderate),2,,,,,,,,,"You gain an item bonus to Acrobatics checks, Stealth checks, Thievery checks, Reflex saves, and ranged attack rolls, and you gain the listed status bonus to your Speed.",You take damage equal to twice your level; you can’t recover Hit Points lost in this way by any means while the mutagen lasts. You take a –2 penalty to Fortitude saves.
"Energy Mutagen (Acid, Moderate)",AlchemicalElixir,3,1200,L,f03f53b4-a996-11ea-bb37-0242ac130002,1A,Interact,The Fall of Plaguestone,,held in 1 hand,"When created, this mutagen is attuned to your choice of one of four energy types: acid, cold, electricity, or fire. When consumed, the mutagen suffuses your body with energy that spills out of you whenever you attack. At higher levels, it can even grant you the ability to unleash the energy in controlled bursts.",,"Acid, Moderate","You gain acid resistance 10, add 1d4 acid damage on a hit with a melee weapon, and the duration is 10 minutes.",Uncommon,Alchemical,Consumable,Elixir,Mutagen,Polymorph,ConditionGain,1000,"Energy Mutagen (Acid, Moderate)","Energy Mutagen (Acid, Moderate)",,,,,,,,,,"You gain resistance to the attuned energy type. Whenever you score a hit with a melee weapon, add the listed amount of damage of the attuned energy type.",You gain weakness 5 to the other three energy types.
"Energy Mutagen (Cold, Moderate)",AlchemicalElixir,3,1200,L,f03f55a8-a996-11ea-bb37-0242ac130002,1A,Interact,The Fall of Plaguestone,,held in 1 hand,"When created, this mutagen is attuned to your choice of one of four energy types: cold, cold, electricity, or fire. When consumed, the mutagen suffuses your body with energy that spills out of you whenever you attack. At higher levels, it can even grant you the ability to unleash the energy in controlled bursts.",,"Cold, Moderate","You gain cold resistance 10, add 1d4 cold damage on a hit with a melee weapon, and the duration is 10 minutes.",Uncommon,Alchemical,Consumable,Elixir,Mutagen,Polymorph,ConditionGain,1000,"Energy Mutagen (Cold, Moderate)","Energy Mutagen (Cold, Moderate)",,,,,,,,,,"You gain resistance to the attuned energy type. Whenever you score a hit with a melee weapon, add the listed amount of damage of the attuned energy type.",You gain weakness 5 to the other three energy types.
"Energy Mutagen (Electricity, Moderate)",AlchemicalElixir,3,1200,L,f03f56a2-a996-11ea-bb37-0242ac130002,1A,Interact,The Fall of Plaguestone,,held in 1 hand,"When created, this mutagen is attuned to your choice of one of four energy types: electricity, cold, electricity, or fire. When consumed, the mutagen suffuses your body with energy that spills out of you whenever you attack. At higher levels, it can even grant you the ability to unleash the energy in controlled bursts.",,"Electricity, Moderate","You gain electricity resistance 10, add 1d4 electricity damage on a hit with a melee weapon, and the duration is 10 minutes.",Uncommon,Alchemical,Consumable,Elixir,Mutagen,Polymorph,ConditionGain,1000,"Energy Mutagen (Electricity, Moderate)","Energy Mutagen (Electricity, Moderate)",,,,,,,,,,"You gain resistance to the attuned energy type. Whenever you score a hit with a melee weapon, add the listed amount of damage of the attuned energy type.",You gain weakness 5 to the other three energy types.
"Energy Mutagen (Fire, Moderate)",AlchemicalElixir,3,1200,L,f03f58fa-a996-11ea-bb37-0242ac130002,1A,Interact,The Fall of Plaguestone,,held in 1 hand,"When created, this mutagen is attuned to your choice of one of four energy types: fire, cold, electricity, or fire. When consumed, the mutagen suffuses your body with energy that spills out of you whenever you attack. At higher levels, it can even grant you the ability to unleash the energy in controlled bursts.",,"Fire, Moderate","You gain fire resistance 10, add 1d4 fire damage on a hit with a melee weapon, and the duration is 10 minutes.",Uncommon,Alchemical,Consumable,Elixir,Mutagen,Polymorph,ConditionGain,1000,"Energy Mutagen (Fire, Moderate)","Energy Mutagen (Fire, Moderate)",,,,,,,,,,"You gain resistance to the attuned energy type. Whenever you score a hit with a melee weapon, add the listed amount of damage of the attuned energy type.",You gain weakness 5 to the other three energy types.
Darkvision Elixir (Moderate),AlchemicalElixir,4,1100,L,474f7d7b-e711-4768-b96e-99fd5b874110,1A,Interact,,,held in 1 hand,"After you drink this elixir, your sight becomes sharper in darkness. You gain darkvision for the listed duration.",,Moderate,The duration is 1 hour.,Alchemical,Consumable,Elixir,,,,ConditionGain,6000,Darkvision Elixir,Darkvision Elixir (Moderate),,,,,,,,,,,
Stone Fist Elixir,AlchemicalElixir,4,1300,L,eee18f76-a916-11ea-bb37-0242ac130002,1A,Interact,,,held in 1 hand,"Your fists become hard as stone. For 1 hour, your fists deal 1d6 bludgeoning damage and lose the nonlethal trait.",,,,Alchemical,Consumable,Elixir,Morph,,,ConditionGain,6000,Stone Fist Elixir,Stone Fist Elixir,,,,,,,,,,,
Bomber's Eye Elixir (Lesser),AlchemicalElixir,4,1400,L,eee19034-a916-11ea-bb37-0242ac130002,1A,Interact,,,held in 1 hand,"This tincture lets you pinpoint your foes. For the next 5 minutes, your alchemical bomb Strikes reduce the circumstance bonus to AC your targets gain from cover.",,Lesser,Reduce your targets’ circumstance bonus by 1.,Alchemical,Consumable,Elixir,,,,ConditionGain,500,Bomber's Eye Elixir (Lesser),Bomber's Eye Elixir (Lesser),,,,,,,,,,,
Winter Wolf Elixir (Lesser),AlchemicalElixir,4,1500,L,eee190f2-a916-11ea-bb37-0242ac130002,1A,Interact,,,held in 1 hand,"This elixir warms your core and improves your circulation. For 24 hours, you are protected from the effects of severe cold.",,,,Alchemical,Consumable,Elixir,,,,ConditionGain,144000,Winter Wolf Elixir (Lesser),Winter Wolf Elixir (Lesser),,,,,,,,,,,
Salamander Elixir (Lesser),AlchemicalElixir,4,1500,L,eee191b0-a916-11ea-bb37-0242ac130002,1A,Interact,,,held in 1 hand,"This elixir is made from salamander scales to withstand fire. For 24 hours, you are protected from the effects of severe heat.",,,,Alchemical,Consumable,Elixir,,,,ConditionGain,144000,Salamander Elixir (Lesser),Salamander Elixir (Lesser),,,,,,,,,,,
Mistform Elixir (Lesser),AlchemicalElixir,4,1800,L,eee19264-a916-11ea-bb37-0242ac130002,1A,Interact,,,held in 1 hand,"A faint mist emanates from your skin, making you concealed for the listed duration. As usual being concealed when your position is still obvious, you can’t use this concealment to Hide or Sneak.",,Lesser,The duration is 3 rounds.,Alchemical,Consumable,Elixir,Illusion,Visual,,ConditionGain,30,Mistform Elixir,Mistform Elixir (Lesser),,,,,,,,,,,
Sea Touch Elixir (Lesser),AlchemicalElixir,5,2200,L,eee19322-a916-11ea-bb37-0242ac130002,1A,Interact,,,held in 1 hand,"This briny concoction alters the skin on your hands and feet. The spaces between your fingers and toes become webbed, granting you a swim Speed of 20 feet for the listed duration.",,Lesser,The duration is 10 minutes.,Alchemical,Consumable,Elixir,Polymorph,,,ConditionGain,1000,Sea Touch Elixir (Lesser),Sea Touch Elixir (Lesser),,,,,,,,,,,
Stone Body Mutagen (Lesser),AlchemicalElixir,5,2200,L,eee194b2-a916-11ea-bb37-0242ac130002,1A,Interact,The Fall of Plaguestone,,held in 1 hand,This mutagen calcifies your body making it as hard as stone.,,Lesser,You gain resistance 5 to physical damage (except bludgeoning) and the duration is 10 minutes.,Uncommon,Alchemical,Consumable,Elixir,Mutagen,Polymorph,ConditionGain,1000,Stone Body Mutagen,Stone Body Mutagen (Lesser),1,,,,,,,,,You gain resistance to physical damage (except bludgeoning) equal to the listed amount.,Your Speeds are reduced by 10 feet (minimum 5 feet) and you take a –2 penalty to Reflex saves.
Cheetah's Elixir (Moderate),AlchemicalElixir,5,2500,L,eee19570-a916-11ea-bb37-0242ac130002,1A,Interact,,,held in 1 hand,Enzymatic compounds in this elixir strengthen and excite the muscles in your legs. You gain a status bonus to your Speed for the listed duration.,,Moderate,"The bonus is +10 feet, and the duration is 10 minutes.",Alchemical,Consumable,Elixir,,,,ConditionGain,1000,Cheetah's Elixir,Cheetah's Elixir (Moderate),10,,,,,,,,,,
Eagle-Eye Elixir (Moderate),AlchemicalElixir,5,2700,L,89bdd235-8e09-11ea-9fab-e92c63c14723,1A,Interact,,,held in 1 hand,"After you drink this elixir, you notice subtle visual details. For the next hour, you gain an item bonus to Perception checks that is greater when attempting to find secret doors and traps.",,Moderate,"The bonus is +2, or +3 to find secret doors and traps.",Alchemical,Consumable,Elixir,,,,ConditionGain,6000,Eagle-Eye Elixir,Eagle-Eye Elixir (Moderate),2,,,,,,,,,,
Elixir of Life (Lesser),AlchemicalElixir,5,3000,L,eee196ce-a916-11ea-bb37-0242ac130002,1A,Interact,,,held in 1 hand,"Elixirs of life accelerate the body’s natural healing processes and immune system. Upon drinking this elixir, you regain the listed number of Hit Points and gain an item bonus to saving throws against diseases and poisons for 10 minutes.","Upon drinking this elixir, you regain the listed number of Hit Points.",Lesser,The elixir restores 3d6+6 Hit Points and the bonus is +1.,Alchemical,Consumable,Elixir,Healing,,,ConditionGain,1000,Elixir of Life (Lesser),Elixir of Life (Lesser),,,,,,,,,,,
Antidote (Moderate),AlchemicalElixir,6,3500,L,eee198ea-a916-11ea-bb37-0242ac130002,1A,Interact,,,held in 1 hand,"An antidote protects you against toxins. Upon drinking an antidote, you gain an item bonus to Fortitude saving throws against poisons for 6 hours.",,Moderate,You gain a +3 item bonus.,Alchemical,Consumable,Elixir,,,,ConditionGain,36000,Antidote (Moderate),Antidote (Moderate),,,,,,,,,,,
Antiplague (Moderate),AlchemicalElixir,6,3500,L,eee199b2-a916-11ea-bb37-0242ac130002,1A,Interact,,,held in 1 hand,"Antiplague can fortify the body’s defenses against diseases. Upon drinking an antiplague, you gain an item bonus to Fortitude saving throws against diseases for 24 hours; this applies to your daily save against a disease’s progression.",,Moderate,You gain a +3 item bonus.,Alchemical,Consumable,Elixir,,,,ConditionGain,144000,Antiplague (Moderate),Antiplague (Moderate),,,,,,,,,,,
Mistform Elixir (Moderate),AlchemicalElixir,6,5600,L,eee19a70-a916-11ea-bb37-0242ac130002,1A,Interact,,,held in 1 hand,"A faint mist emanates from your skin, making you concealed for the listed duration. As usual being concealed when your position is still obvious, you can’t use this concealment to Hide or Sneak.",,Moderate,The duration is 1 minute.,Alchemical,Consumable,Elixir,Illusion,Visual,,ConditionGain,100,Mistform Elixir,Mistform Elixir (Moderate),,,,,,,,,,,
Comprehension Elixir (Greater),AlchemicalElixir,7,5400,L,eee19b2e-a916-11ea-bb37-0242ac130002,1A,Interact,,,held in 1 hand,"This bitter draught opens your mind to the potential of the written word. For the listed duration after drinking this elixir, you can understand any words you read, so long as they are written in a common language. This elixir doesn’t automatically allow you to understand codes or extremely esoteric passages—you still need to attempt a skill check to Decipher Writing.",,Lesser,The duration is 10 minutes.,Alchemical,Consumable,Elixir,Mental,,,ConditionGain,1000,Comprehension Elixir,Comprehension Elixir (Greater),,,,,,,,,,,
Leaper's Elixir (Greater),AlchemicalElixir,7,5500,L,eee19bec-a916-11ea-bb37-0242ac130002,1A,Interact,,,held in 1 hand,"This tingly solution increases the elasticity and contraction of your leg muscles. For 1 minute after drinking this elixir, you can High Jump or Long Jump as a single action instead of 2 actions. If you do, you don't perform the initial Stride (nor do you fail if you don't Stride 10 feet).",,Greater,The maximum vertical distance you can jump with a High Jump is the same as you can jump horizontally with a Long Jump.,Alchemical,Consumable,Elixir,,,,ConditionGain,100,Leaper's Elixir (Greater),Leaper's Elixir (Greater),,,,,,,,,,,
Darkvision Elixir (Greater),AlchemicalElixir,8,9000,L,b87e538d-6cf0-456d-b094-fb8260119339,1A,Interact,,,held in 1 hand,"After you drink this elixir, your sight becomes sharper in darkness. You gain darkvision for the listed duration.",,Greater,The duration is 24 hours.,Alchemical,Consumable,Elixir,,,,ConditionGain,144000,Darkvision Elixir,Darkvision Elixir (Greater),,,,,,,,,,,
Cheetah's Elixir (Greater),AlchemicalElixir,9,11000,L,eee19f98-a916-11ea-bb37-0242ac130002,1A,Interact,,,held in 1 hand,Enzymatic compounds in this elixir strengthen and excite the muscles in your legs. You gain a status bonus to your Speed for the listed duration.,,Greater,"The bonus is +10 feet, and the duration is 1 hour.",Alchemical,Consumable,Elixir,,,,ConditionGain,6000,Cheetah's Elixir,Cheetah's Elixir (Greater),10,,,,,,,,,,
Elixir of Life (Moderate),AlchemicalElixir,9,15000,L,eee1a056-a916-11ea-bb37-0242ac130002,1A,Interact,,,held in 1 hand,"Elixirs of life accelerate the body’s natural healing processes and immune system. Upon drinking this elixir, you regain the listed number of Hit Points and gain an item bonus to saving throws against diseases and poisons for 10 minutes.","Upon drinking this elixir, you regain the listed number of Hit Points.",Moderate,"The elixir restores 5d6+12 Hit Points, and the bonus is +2.",Alchemical,Consumable,Elixir,Healing,,,ConditionGain,1000,Elixir of Life (Moderate),Elixir of Life (Moderate),,,,,,,,,,,
Bravo's Brew (Moderate),AlchemicalElixir,10,15000,L,eee1a10a-a916-11ea-bb37-0242ac130002,1A,Interact,,,held in 1 hand,"This flask of foaming beer grants courage. For the next hour after drinking this elixir, you gain an item bonus to Will saves, which is greater when attempting Will saves against fear.",,Moderate,"The bonus on Will saves is +2, or +3 against fear.",Alchemical,Consumable,Elixir,Mental,,,ConditionGain,6000,Bravo's Brew,Bravo's Brew (Moderate),2,,,,,,,,,,
Antidote (Greater),AlchemicalElixir,10,16000,L,eee1a1be-a916-11ea-bb37-0242ac130002,1A,Interact,,,held in 1 hand,"An antidote protects you against toxins. Upon drinking an antidote, you gain an item bonus to Fortitude saving throws against poisons for 6 hours.",,Greater,You gain a +4 item bonus.,Alchemical,Consumable,Elixir,,,,ConditionGain,36000,Antidote (Greater),Antidote (Greater),,,,,,,,,,,
Antiplague (Greater),AlchemicalElixir,10,16000,L,eee1a27c-a916-11ea-bb37-0242ac130002,1A,Interact,,,held in 1 hand,"Antiplague can fortify the body’s defenses against diseases. Upon drinking an antiplague, you gain an item bonus to Fortitude saving throws against diseases for 24 hours; this applies to your daily save against a disease’s progression.",,Greater,You gain a +4 item bonus.,Alchemical,Consumable,Elixir,,,,ConditionGain,144000,Antiplague (Greater),Antiplague (Greater),,,,,,,,,,,
Mistform Elixir (Greater),AlchemicalElixir,10,18000,L,eee1a33a-a916-11ea-bb37-0242ac130002,1A,Interact,,,held in 1 hand,"A faint mist emanates from your skin, making you concealed for the listed duration. As usual being concealed when your position is still obvious, you can’t use this concealment to Hide or Sneak.",,Greater,The duration is 5 minutes.,Alchemical,Consumable,Elixir,Illusion,Visual,,ConditionGain,500,Mistform Elixir,Mistform Elixir (Greater),,,,,,,,,,,
Eagle-Eye Elixir (Greater),AlchemicalElixir,10,20000,L,eee1a966-a916-11ea-bb37-0242ac130002,1A,Interact,,,held in 1 hand,"After you drink this elixir, you notice subtle visual details. For the next hour, you gain an item bonus to Perception checks that is greater when attempting to find secret doors and traps.",,Greater,"The bonus is +3, or +4 to find secret doors and traps.",Alchemical,Consumable,Elixir,,,,ConditionGain,6000,Eagle-Eye Elixir,Eagle-Eye Elixir (Greater),3,,,,,,,,,,
Serene Mutagen (Greater),AlchemicalElixir,11,30000,L,eee1aa4c-a916-11ea-bb37-0242ac130002,1A,Interact,,,held in 1 hand,"You gain inner serenity, focused on fine details and steeled against mental assaults, but you find violence off-putting.",,Greater,"The bonus is +2, or +3 vs. mental, and the duration is 10 minutes.",Alchemical,Consumable,Elixir,Mutagen,Polymorph,,ConditionGain,6000,Serene Mutagen (Greater),Serene Mutagen (Greater),,,,,,,,,,"You gain an item bonus to Will saves and Perception, Medicine, Nature, Religion, and Survival checks. This bonus improves when you attempt Will saves against mental effects. ","You take a –1 penalty to attack rolls and save DCs of offensive spells, and a –1 penalty per damage die to all weapon, unarmed attack, and spell damage."
Silvertongue Mutagen (Greater),AlchemicalElixir,11,30000,L,eee1ab0a-a916-11ea-bb37-0242ac130002,1A,Interact,,,held in 1 hand,"Your features become striking and your voice becomes musical and commanding, though facts and figures become hazy for you and emotion clouds your ability to reason.",,Greater,"The bonus is +3, and the duration is 1 hour.",Alchemical,Consumable,Elixir,Mutagen,Polymorph,,ConditionGain,6000,Silvertongue Mutagen,Silvertongue Mutagen (Greater),3,,,,,,,,,"You gain an item bonus to Deception, Diplomacy, Intimidation, and Performance checks. Your critical failures with any of these skill become failures instead.","You take a –2 item penalty to Arcana, Crafting, Lore, Occultism, and Society checks. Choose one skill in which you are trained; for the duration, you become untrained in that skill. All your failures on checks to Recall Knowledge become critical failures."
Bestial Mutagen (Greater),AlchemicalElixir,11,30000,L,eee1abd2-a916-11ea-bb37-0242ac130002,1A,Interact,,,held in 1 hand,"Your features transform into something bestial and you take on muscle mass, but your lumbering form is clumsy.",,Greater,"You gain a +3 item bonus, your claw deals 1d8 slashing damage, your jaws deal 1d10 piercing damage, and the duration is 1 minute.",Alchemical,Consumable,Elixir,Mutagen,Polymorph,,ConditionGain,6000,Bestial Mutagen,Bestial Mutagen (Greater),3,ItemGain,6000,Bestial Mutagen Claw (Greater),weapons,ItemGain,6000,Bestial Mutagen Jaws (Greater),weapons,You gain an item bonus to Athletics checks and unarmed attack rolls. You gain a claw unarmed attack with the agile trait and a jaws unarmed attack.,You take a –1 penalty to AC and a –2 penalty to Reflex saves.
Cognitive Mutagen (Greater),AlchemicalElixir,11,30000,L,eee1ac90-a916-11ea-bb37-0242ac130002,1A,Interact,,,held in 1 hand,"Your mind becomes clear and cognition flows freely, but physical matters seem ephemeral.",,Greater,"The bonus is +3, and the duration is 1 hour. You become trained in one Intelligence-based skill, chosen at creation.",Alchemical,Consumable,Elixir,Mutagen,Polymorph,,ConditionGain,6000,Cognitive Mutagen (Greater),Cognitive Mutagen (Greater),,,,,,,,,,"You gain an item bonus to Arcana, Crafting, Lore, Occultism, and Society checks and all checks to Recall Knowledge. Your critical failures on Recall Knowledge checks become failures instead. ","You take a –2 penalty to weapon and unarmed attack rolls, Athletics checks, and Acrobatics checks. You can carry 2 less Bulk than normal before becoming encumbered, and the maximum Bulk you can carry is reduced by 4."
Juggernaut Mutagen (Greater),AlchemicalElixir,11,30000,L,eee1ad4e-a916-11ea-bb37-0242ac130002,1A,Interact,,,held in 1 hand,"After you drink this mutagen, your body becomes thick and sturdy. You exhibit a healthy glow, though you tend to be ponderous and unobservant.",,Greater,"The bonus is +1, you gain 5 temporary Hit Points, and the duration is 1 minute.",Alchemical,Consumable,Elixir,Mutagen,Polymorph,,ConditionGain,6000,Juggernaut Mutagen (Greater),Juggernaut Mutagen (Greater),,,,,,,,,,"You gain an item bonus of +1 to Fortitude saves and 5 temporary Hit Points. Whenever you are at maximum Hit Points for at least 1 full minute, you regain the temporary Hit Points.","You take a -2 penalty to Will saves, Perception checks, and initiative rolls."
Quicksilver Mutagen (Greater),AlchemicalElixir,11,30000,L,eee1ae0c-a916-11ea-bb37-0242ac130002,1A,Interact,,,held in 1 hand,"Your features become thin and angular. You become swifter and nimbler, but your body also becomes fragile.",,Greater,"The bonus to rolls is +3, the bonus to Speed is +15 feet, and the duration is 1 hour.",Alchemical,Consumable,Elixir,Mutagen,Polymorph,,ConditionGain,6000,Quicksilver Mutagen,Quicksilver Mutagen (Greater),3,,,,,,,,,"You gain an item bonus to Acrobatics checks, Stealth checks, Thievery checks, Reflex saves, and ranged attack rolls, and you gain the listed status bonus to your Speed.",You take damage equal to twice your level; you can’t recover Hit Points lost in this way by any means while the mutagen lasts. You take a –2 penalty to Fortitude saves.
"Energy Mutagen (Acid, Greater)",AlchemicalElixir,11,30000,L,8de9c306-a997-11ea-bb37-0242ac130002,1A,Interact,The Fall of Plaguestone,,held in 1 hand,"When created, this mutagen is attuned to your choice of one of four energy types: acid, cold, electricity, or fire. When consumed, the mutagen suffuses your body with energy that spills out of you whenever you attack. At higher levels, it can even grant you the ability to unleash the energy in controlled bursts.",,"Acid, Greater","You gain acid resistance 15, add 1d6 acid damage on a hit with a melee weapon, and the duration is 1 hour. In addition, you can end the benefits of this mutagen to unleash a 30-foot cone of energy that deals 2d6 acid damage for every full 10 minutes of duration remaining (DC 25 basic Reflex save).",Uncommon,Alchemical,Consumable,Elixir,Mutagen,Polymorph,ConditionGain,6000,"Energy Mutagen (Acid, Greater)","Energy Mutagen (Acid, Greater)",,,,,,,,,,"You gain resistance to the attuned energy type. Whenever you score a hit with a melee weapon, add the listed amount of damage of the attuned energy type.",You gain weakness 5 to the other three energy types.
"Energy Mutagen (Cold, Greater)",AlchemicalElixir,11,30000,L,8de9c522-a997-11ea-bb37-0242ac130002,1A,Interact,The Fall of Plaguestone,,held in 1 hand,"When created, this mutagen is attuned to your choice of one of four energy types: cold, cold, electricity, or fire. When consumed, the mutagen suffuses your body with energy that spills out of you whenever you attack. At higher levels, it can even grant you the ability to unleash the energy in controlled bursts.",,"Cold, Greater","You gain cold resistance 15, add 1d6 cold damage on a hit with a melee weapon, and the duration is 1 hour. In addition, you can end the benefits of this mutagen to unleash a 30-foot cone of energy that deals 2d6 cold damage for every full 10 minutes of duration remaining (DC 25 basic Reflex save).",Uncommon,Alchemical,Consumable,Elixir,Mutagen,Polymorph,ConditionGain,6000,"Energy Mutagen (Cold, Greater)","Energy Mutagen (Cold, Greater)",,,,,,,,,,"You gain resistance to the attuned energy type. Whenever you score a hit with a melee weapon, add the listed amount of damage of the attuned energy type.",You gain weakness 5 to the other three energy types.
"Energy Mutagen (Electricity, Greater)",AlchemicalElixir,11,30000,L,8de9c626-a997-11ea-bb37-0242ac130002,1A,Interact,The Fall of Plaguestone,,held in 1 hand,"When created, this mutagen is attuned to your choice of one of four energy types: electricity, cold, electricity, or fire. When consumed, the mutagen suffuses your body with energy that spills out of you whenever you attack. At higher levels, it can even grant you the ability to unleash the energy in controlled bursts.",,"Electricity, Greater","You gain electricity resistance 15, add 1d6 electricity damage on a hit with a melee weapon, and the duration is 1 hour. In addition, you can end the benefits of this mutagen to unleash a 30-foot cone of energy that deals 2d6 electricity damage for every full 10 minutes of duration remaining (DC 25 basic Reflex save).",Uncommon,Alchemical,Consumable,Elixir,Mutagen,Polymorph,ConditionGain,6000,"Energy Mutagen (Electricity, Greater)","Energy Mutagen (Electricity, Greater)",,,,,,,,,,"You gain resistance to the attuned energy type. Whenever you score a hit with a melee weapon, add the listed amount of damage of the attuned energy type.",You gain weakness 5 to the other three energy types.
"Energy Mutagen (Fire, Greater)",AlchemicalElixir,11,30000,L,8de9c6f8-a997-11ea-bb37-0242ac130002,1A,Interact,The Fall of Plaguestone,,held in 1 hand,"When created, this mutagen is attuned to your choice of one of four energy types: fire, cold, electricity, or fire. When consumed, the mutagen suffuses your body with energy that spills out of you whenever you attack. At higher levels, it can even grant you the ability to unleash the energy in controlled bursts.",,"Fire, Greater","You gain fire resistance 15, add 1d6 fire damage on a hit with a melee weapon, and the duration is 1 hour. In addition, you can end the benefits of this mutagen to unleash a 30-foot cone of energy that deals 2d6 fire damage for every full 10 minutes of duration remaining (DC 25 basic Reflex save).",Uncommon,Alchemical,Consumable,Elixir,Mutagen,Polymorph,ConditionGain,6000,"Energy Mutagen (Fire, Greater)","Energy Mutagen (Fire, Greater)",,,,,,,,,,"You gain resistance to the attuned energy type. Whenever you score a hit with a melee weapon, add the listed amount of damage of the attuned energy type.",You gain weakness 5 to the other three energy types.
Sea Touch Elixir (Moderate),AlchemicalElixir,12,30000,L,eee1b0a0-a916-11ea-bb37-0242ac130002,1A,Interact,,,held in 1 hand,"This briny concoction alters the skin on your hands and feet. The spaces between your fingers and toes become webbed, granting you a swim Speed of 20 feet for the listed duration.",,Moderate,"The duration is 1 hour, and you can breathe underwater.",Alchemical,Consumable,Elixir,Polymorph,,,ConditionGain,6000,Sea Touch Elixir (Moderate),Sea Touch Elixir (Moderate),,,,,,,,,,,
Stone Body Mutagen (Moderate),AlchemicalElixir,12,30000,L,eee1b168-a916-11ea-bb37-0242ac130002,1A,Interact,The Fall of Plaguestone,,held in 1 hand,This mutagen calcifies your body making it as hard as stone.,,Moderate,You gain resistance 5 to physical damage (except bludgeoning) and the duration is 1 hour.,Uncommon,Alchemical,Consumable,Elixir,Mutagen,Polymorph,ConditionGain,6000,Stone Body Mutagen,Stone Body Mutagen (Moderate),1,,,,,,,,,,
Winter Wolf Elixir (Moderate),AlchemicalElixir,12,32000,L,eee1b226-a916-11ea-bb37-0242ac130002,1A,Interact,,,held in 1 hand,"This elixir warms your core and improves your circulation. For 24 hours, you are protected from the effects of severe cold.",,Moderate,You’re also protected from extreme cold.,Alchemical,Consumable,Elixir,,,,ConditionGain,144000,Winter Wolf Elixir (Moderate),Winter Wolf Elixir (Moderate),,,,,,,,,,,
Salamander Elixir (Moderate),AlchemicalElixir,12,32000,L,eee1b2e4-a916-11ea-bb37-0242ac130002,1A,Interact,,,held in 1 hand,"This elixir is made from salamander scales to withstand fire. For 24 hours, you are protected from the effects of severe heat.",,Moderate,You’re also protected from extreme heat.,Alchemical,Consumable,Elixir,,,,ConditionGain,144000,Salamander Elixir (Moderate),Salamander Elixir (Moderate),,,,,,,,,,,
Elixir of Life (Greater),AlchemicalElixir,13,60000,L,eee1b398-a916-11ea-bb37-0242ac130002,1A,Interact,,,held in 1 hand,"Elixirs of life accelerate the body’s natural healing processes and immune system. Upon drinking this elixir, you regain the listed number of Hit Points and gain an item bonus to saving throws against diseases and poisons for 10 minutes.","Upon drinking this elixir, you regain the listed number of Hit Points.",Greater,"The elixir restores 7d6+18 Hit Points, and the bonus is +2.",Alchemical,Consumable,Elixir,Healing,,,ConditionGain,1000,Elixir of Life (Greater),Elixir of Life (Greater),,,,,,,,,,,
Antidote (Major),AlchemicalElixir,14,67500,L,eee1b456-a916-11ea-bb37-0242ac130002,1A,Interact,,,held in 1 hand,"An antidote protects you against toxins. Upon drinking an antidote, you gain an item bonus to Fortitude saving throws against poisons for 6 hours.",,Major,"You gain a +4 item bonus, and when you drink the antidote, you can immediately attempt a saving throw against one poison of 14th level or lower affecting you. If you succeed, the poison is neutralized.",Alchemical,Consumable,Elixir,,,,ConditionGain,36000,Antidote (Major),Antidote (Major),,,,,,,,,,,
Antiplague (Major),AlchemicalElixir,14,67500,L,eee1b622-a916-11ea-bb37-0242ac130002,1A,Interact,,,held in 1 hand,"Antiplague can fortify the body’s defenses against diseases. Upon drinking an antiplague, you gain an item bonus to Fortitude saving throws against diseases for 24 hours; this applies to your daily save against a disease’s progression.",,Major,"You gain a +4 item bonus, and when you drink the antiplague, you can immediately attempt a saving throw against one disease of 14th level or lower affecting you. If you succeed, you are cured of the disease.",Alchemical,Consumable,Elixir,,,,ConditionGain,144000,Antiplague (Major),Antiplague (Major),,,,,,,,,,,
Bomber's Eye Elixir (Greater),AlchemicalElixir,14,70000,L,eee1b6ea-a916-11ea-bb37-0242ac130002,1A,Interact,,,held in 1 hand,"This tincture lets you pinpoint your foes. For the next 5 minutes, your alchemical bomb Strikes reduce the circumstance bonus to AC your targets gain from cover.",,Greater,Reduce your targets’ circumstance bonus by 2.,Alchemical,Consumable,Elixir,,,,ConditionGain,500,Bomber's Eye Elixir (Greater),Bomber's Eye Elixir (Greater),,,,,,,,,,,
Bravo's Brew (Greater),AlchemicalElixir,15,70000,L,eee1b7a8-a916-11ea-bb37-0242ac130002,1A,Interact,,,held in 1 hand,"This flask of foaming beer grants courage. For the next hour after drinking this elixir, you gain an item bonus to Will saves, which is greater when attempting Will saves against fear.",,Moderate,"The bonus on Will saves is +3, or +4 against fear. If you roll a success on a save against fear, you get a critical success instead.",Alchemical,Consumable,Elixir,Mental,,,ConditionGain,6000,Bravo's Brew,Bravo's Brew (Greater),3,,,,,,,,,,
Sea Touch Elixir (Greater),AlchemicalElixir,15,92000,L,eee1b866-a916-11ea-bb37-0242ac130002,1A,Interact,,,held in 1 hand,"This briny concoction alters the skin on your hands and feet. The spaces between your fingers and toes become webbed, granting you a swim Speed of 20 feet for the listed duration.",,Greater,"The duration is 24 hours, and you can breathe underwater.",Alchemical,Consumable,Elixir,Polymorph,,,ConditionGain,144000,Sea Touch Elixir (Greater),Sea Touch Elixir (Greater),,,,,,,,,,,
Stone Body Mutagen (Greater),AlchemicalElixir,15,92000,L,eee1b924-a916-11ea-bb37-0242ac130002,1A,Interact,The Fall of Plaguestone,,held in 1 hand,This mutagen calcifies your body making it as hard as stone.,,Greater,You gain resistance 10 to physical damage (except bludgeoning) and the duration is 1 hour.,Uncommon,Alchemical,Consumable,Elixir,Mutagen,Polymorph,ConditionGain,6000,Stone Body Mutagen,Stone Body Mutagen (Greater),2,,,,,,,,,,
Elixir of Life (Major),AlchemicalElixir,15,130000,L,eee1b9d8-a916-11ea-bb37-0242ac130002,1A,Interact,,,held in 1 hand,"Elixirs of life accelerate the body’s natural healing processes and immune system. Upon drinking this elixir, you regain the listed number of Hit Points and gain an item bonus to saving throws against diseases and poisons for 10 minutes.","Upon drinking this elixir, you regain the listed number of Hit Points.",Major,"The elixir restores 8d6+21 Hit Points, and the bonus is +3.",Alchemical,Consumable,Elixir,Healing,,,ConditionGain,1000,Elixir of Life (Major),Elixir of Life (Major),,,,,,,,,,,
Winter Wolf Elixir (Greater),AlchemicalElixir,16,140000,L,eee1bb86-a916-11ea-bb37-0242ac130002,1A,Interact,,,held in 1 hand,"This elixir warms your core and improves your circulation. For 24 hours, you are protected from the effects of severe cold.",,Greater,You’re also protected from extreme and incredible cold.,Alchemical,Consumable,Elixir,,,,ConditionGain,144000,Winter Wolf Elixir (Greater),Winter Wolf Elixir (Greater),,,,,,,,,,,
Salamander Elixir (Greater),AlchemicalElixir,16,140000,L,eee1bc4e-a916-11ea-bb37-0242ac130002,1A,Interact,,,held in 1 hand,"This elixir is made from salamander scales to withstand fire. For 24 hours, you are protected from the effects of severe heat.",,Greater,You’re also protected from extreme and incredible heat.,Alchemical,Consumable,Elixir,,,,ConditionGain,144000,Salamander Elixir (Greater),Salamander Elixir (Greater),,,,,,,,,,,
Eagle-Eye Elixir (Major),AlchemicalElixir,16,200000,L,eee1bd0c-a916-11ea-bb37-0242ac130002,1A,Interact,,,held in 1 hand,"After you drink this elixir, you notice subtle visual details. For the next hour, you gain an item bonus to Perception checks that is greater when attempting to find secret doors and traps.",,Major,"The bonus is +3, or +4 to find secret doors and traps. Each time you pass within 10 feet of a secret door or trap, the GM automatically rolls a secret check for you to find it.",Alchemical,Consumable,Elixir,,,,ConditionGain,6000,Eagle-Eye Elixir (Major),Eagle-Eye Elixir (Major),3,,,,,,,,,,
Serene Mutagen (Major),AlchemicalElixir,17,300000,L,eee1bdca-a916-11ea-bb37-0242ac130002,1A,Interact,,,held in 1 hand,"You gain inner serenity, focused on fine details and steeled against mental assaults, but you find violence off-putting.",,Major,"The bonus is +2, or +3 vs. mental, and the duration is 10 minutes.",Alchemical,Consumable,Elixir,Mutagen,Polymorph,,ConditionGain,6000,Serene Mutagen (Major),Serene Mutagen (Major),,,,,,,,,,"You gain an item bonus to Will saves and Perception, Medicine, Nature, Religion, and Survival checks. This bonus improves when you attempt Will saves against mental effects. ","You take a –1 penalty to attack rolls and save DCs of offensive spells, and a –1 penalty per damage die to all weapon, unarmed attack, and spell damage."
Silvertongue Mutagen (Major),AlchemicalElixir,17,300000,L,eee1be88-a916-11ea-bb37-0242ac130002,1A,Interact,,,held in 1 hand,"Your features become striking and your voice becomes musical and commanding, though facts and figures become hazy for you and emotion clouds your ability to reason.",,Greater,"The bonus is +4, and the duration is 1 hour.",Alchemical,Consumable,Elixir,Mutagen,Polymorph,,ConditionGain,6000,Silvertongue Mutagen,Silvertongue Mutagen (Major),4,,,,,,,,,"You gain an item bonus to Deception, Diplomacy, Intimidation, and Performance checks. Your critical failures with any of these skill become failures instead.","You take a –2 item penalty to Arcana, Crafting, Lore, Occultism, and Society checks. Choose one skill in which you are trained; for the duration, you become untrained in that skill. All your failures on checks to Recall Knowledge become critical failures."
Bestial Mutagen (Major),AlchemicalElixir,17,300000,L,eee1bf3c-a916-11ea-bb37-0242ac130002,1A,Interact,,,held in 1 hand,"Your features transform into something bestial and you take on muscle mass, but your lumbering form is clumsy.",,Major,"You gain a +4 item bonus, your claw deals 1d8 slashing damage, your jaws deal 1d10 piercing damage, and the duration is 1 hour. You gain weapon specialization with the claws and jaws, or greater weapon specialization, if you already have weapon specialization with these unarmed attacks.",Alchemical,Consumable,Elixir,Mutagen,Polymorph,,ConditionGain,6000,Bestial Mutagen,Bestial Mutagen (Major),4,ItemGain,6000,Bestial Mutagen Claw (Major),weapons,ItemGain,6000,Bestial Mutagen Jaws (Major),weapons,You gain an item bonus to Athletics checks and unarmed attack rolls. You gain a claw unarmed attack with the agile trait and a jaws unarmed attack.,You take a –1 penalty to AC and a –2 penalty to Reflex saves.
Cognitive Mutagen (Major),AlchemicalElixir,17,300000,L,eee1c1c6-a916-11ea-bb37-0242ac130002,1A,Interact,,,held in 1 hand,"Your mind becomes clear and cognition flows freely, but physical matters seem ephemeral.",,Major,"The bonus is +4, and the duration is 1 hour. You become trained in one skill, chosen at creation.",Alchemical,Consumable,Elixir,Mutagen,Polymorph,,ConditionGain,6000,Cognitive Mutagen (Major),Cognitive Mutagen (Major),,,,,,,,,,"You gain an item bonus to Arcana, Crafting, Lore, Occultism, and Society checks and all checks to Recall Knowledge. Your critical failures on Recall Knowledge checks become failures instead. ","You take a –2 penalty to weapon and unarmed attack rolls, Athletics checks, and Acrobatics checks. You can carry 2 less Bulk than normal before becoming encumbered, and the maximum Bulk you can carry is reduced by 4."
Juggernaut Mutagen (Major),AlchemicalElixir,17,300000,L,eee1c3e2-a916-11ea-bb37-0242ac130002,1A,Interact,,,held in 1 hand,"After you drink this mutagen, your body becomes thick and sturdy. You exhibit a healthy glow, though you tend to be ponderous and unobservant.",,Major,"The bonus is +1, you gain 5 temporary Hit Points, and the duration is 1 minute.",Alchemical,Consumable,Elixir,Mutagen,Polymorph,,ConditionGain,6000,Juggernaut Mutagen (Major),Juggernaut Mutagen (Major),,,,,,,,,,"You gain an item bonus of +1 to Fortitude saves and 5 temporary Hit Points. Whenever you are at maximum Hit Points for at least 1 full minute, you regain the temporary Hit Points.","You take a -2 penalty to Will saves, Perception checks, and initiative rolls."
Quicksilver Mutagen (Major),AlchemicalElixir,17,300000,L,eee1c75c-a916-11ea-bb37-0242ac130002,1A,Interact,,,held in 1 hand,"Your features become thin and angular. You become swifter and nimbler, but your body also becomes fragile.",,Major,"The bonus to rolls is +4, the bonus to Speed is +20 feet, and the duration is 1 hour.",Alchemical,Consumable,Elixir,Mutagen,Polymorph,,ConditionGain,6000,Quicksilver Mutagen,Quicksilver Mutagen (Major),4,,,,,,,,,"You gain an item bonus to Acrobatics checks, Stealth checks, Thievery checks, Reflex saves, and ranged attack rolls, and you gain the listed status bonus to your Speed.",You take damage equal to twice your level; you can’t recover Hit Points lost in this way by any means while the mutagen lasts. You take a –2 penalty to Fortitude saves.
"Energy Mutagen (Acid, Major)",AlchemicalElixir,17,300000,L,6b1baa46-a998-11ea-bb37-0242ac130002,1A,Interact,The Fall of Plaguestone,,held in 1 hand,"When created, this mutagen is attuned to your choice of one of four energy types: acid, cold, electricity, or fire. When consumed, the mutagen suffuses your body with energy that spills out of you whenever you attack. At higher levels, it can even grant you the ability to unleash the energy in controlled bursts.",,"Acid, Major","You gain acid resistance 20, add 2d6 acid damage on a hit with a melee weapon, and the duration is 1 hour. In addition, you can end the benefits of this mutagen to unleash a 30-foot cone of energy that deals 3d6 acid damage for every full 10 minutes of duration remaining (DC 32 basic Reflex save).",Uncommon,Alchemical,Consumable,Elixir,Mutagen,Polymorph,ConditionGain,6000,"Energy Mutagen (Acid, Major)","Energy Mutagen (Acid, Major)",,,,,,,,,,"You gain resistance to the attuned energy type. Whenever you score a hit with a melee weapon, add the listed amount of damage of the attuned energy type.",You gain weakness 5 to the other three energy types.
"Energy Mutagen (Cold, Major)",AlchemicalElixir,17,300000,L,6b1bac4e-a998-11ea-bb37-0242ac130002,1A,Interact,The Fall of Plaguestone,,held in 1 hand,"When created, this mutagen is attuned to your choice of one of four energy types: cold, cold, electricity, or fire. When consumed, the mutagen suffuses your body with energy that spills out of you whenever you attack. At higher levels, it can even grant you the ability to unleash the energy in controlled bursts.",,"Cold, Major","You gain cold resistance 20, add 2d6 cold damage on a hit with a melee weapon, and the duration is 1 hour. In addition, you can end the benefits of this mutagen to unleash a 30-foot cone of energy that deals 3d6 cold damage for every full 10 minutes of duration remaining (DC 32 basic Reflex save).",Uncommon,Alchemical,Consumable,Elixir,Mutagen,Polymorph,ConditionGain,6000,"Energy Mutagen (Cold, Major)","Energy Mutagen (Cold, Major)",,,,,,,,,,"You gain resistance to the attuned energy type. Whenever you score a hit with a melee weapon, add the listed amount of damage of the attuned energy type.",You gain weakness 5 to the other three energy types.
"Energy Mutagen (Electricity, Major)",AlchemicalElixir,17,300000,L,6b1bad3e-a998-11ea-bb37-0242ac130002,1A,Interact,The Fall of Plaguestone,,held in 1 hand,"When created, this mutagen is attuned to your choice of one of four energy types: electricity, cold, electricity, or fire. When consumed, the mutagen suffuses your body with energy that spills out of you whenever you attack. At higher levels, it can even grant you the ability to unleash the energy in controlled bursts.",,"Electricity, Major","You gain electricity resistance 20, add 2d6 electricity damage on a hit with a melee weapon, and the duration is 1 hour. In addition, you can end the benefits of this mutagen to unleash a 30-foot cone of energy that deals 3d6 electricity damage for every full 10 minutes of duration remaining (DC 32 basic Reflex save).",Uncommon,Alchemical,Consumable,Elixir,Mutagen,Polymorph,ConditionGain,6000,"Energy Mutagen (Electricity, Major)","Energy Mutagen (Electricity, Major)",,,,,,,,,,"You gain resistance to the attuned energy type. Whenever you score a hit with a melee weapon, add the listed amount of damage of the attuned energy type.",You gain weakness 5 to the other three energy types.
"Energy Mutagen (Fire, Major)",AlchemicalElixir,17,300000,L,6b1bae10-a998-11ea-bb37-0242ac130002,1A,Interact,The Fall of Plaguestone,,held in 1 hand,"When created, this mutagen is attuned to your choice of one of four energy types: fire, cold, electricity, or fire. When consumed, the mutagen suffuses your body with energy that spills out of you whenever you attack. At higher levels, it can even grant you the ability to unleash the energy in controlled bursts.",,"Fire, Major","You gain fire resistance 20, add 2d6 fire damage on a hit with a melee weapon, and the duration is 1 hour. In addition, you can end the benefits of this mutagen to unleash a 30-foot cone of energy that deals 3d6 fire damage for every full 10 minutes of duration remaining (DC 32 basic Reflex save).",Uncommon,Alchemical,Consumable,Elixir,Mutagen,Polymorph,ConditionGain,6000,"Energy Mutagen (Fire, Major)","Energy Mutagen (Fire, Major)",,,,,,,,,,"You gain resistance to the attuned energy type. Whenever you score a hit with a melee weapon, add the listed amount of damage of the attuned energy type.",You gain weakness 5 to the other three energy types.
Elixir of Life (True),AlchemicalElixir,19,300000,L,eee1c900-a916-11ea-bb37-0242ac130002,1A,Interact,,,held in 1 hand,"Elixirs of life accelerate the body’s natural healing processes and immune system. Upon drinking this elixir, you regain the listed number of Hit Points and gain an item bonus to saving throws against diseases and poisons for 10 minutes.","Upon drinking this elixir, you regain the listed number of Hit Points.",TRUE,"The elixir restores 10d6+27 Hit Points, and the bonus is +4.",Alchemical,Consumable,Elixir,Healing,,,ConditionGain,1000,Elixir of Life (True),Elixir of Life (True),,,,,,,,,,,
Sun Orchid Elixir,AlchemicalElixir,20,,L,eee1c9b4-a916-11ea-bb37-0242ac130002,1A,Interact,World Guide,"Unlike Crafting most items, brewing the sun orchid elixir takes 1 month’s time. While an individual vial of sun orchid elixir isn’t unique, the formula is unique, and it’s known only to Artokus Kirran of Thuvia.",held in 1 hand,"When you drink this elixir, you physically become as you were in whatever phase of your youth you desire. Your new body begins in peak health, regardless of what your actual condition was at that age. Any physical or mental imperfections— including scars, lost limbs, and curses, diseases, poisons of 20th level or lower— are removed, and you regain your full Hit Points. You immediately begin to age normally again, with your natural lifespan extended as if you had never aged past your new apparent age. You retain all your memories.",,,,Rare,Alchemical,Consumable,Elixir,Necromancy,,ConditionGain,0,Sun Orchid Elixir,Sun Orchid Elixir,,,,,,,,,,,
Elixir of Rejuvenation,AlchemicalElixir,20,,L,eee1ca72-a916-11ea-bb37-0242ac130002,1A,Interact,,"philosopher’s stone, true elixir of life",held in 1 hand,"The elixir of rejuvenation restores a creature to full health and eradicates toxins affecting it. When you drink this elixir, you’re restored to your maximum Hit Points, and all afflictions of 20th level or lower affecting you are removed.

You can instead administer this elixir to a creature that has been dead for a week or less. When you do, that creature is instantly brought back to life with 1 Hit Point and no spell slots, Focus Points, or other daily resources.","Remove all afflictions (curses, diseases and drug side effects) of 20th level or lower affecting you. If this elixir brings a creature back to life, their daily resources do not change, and their Hit Points are fully restored.",,,Uncommon,Alchemical,Consumable,Elixir,,,ConditionGain,0,Elixir of Rejuvenation,Elixir of Rejuvenation,,,,,,,,,,,
