name,category,alignment,followerAlignments/0,followerAlignments/1,followerAlignments/2,followerAlignments/3,followerAlignments/4,followerAlignments/5,followerAlignments/6,followerAlignments/7,domains/0,domains/1,domains/2,domains/3,domains/4,domains/5,domains/6,favoredWeapon/0,favoredWeapon/1,clericSpells/0/level,clericSpells/0/spell,clericSpells/1/level,clericSpells/1/spell,clericSpells/2/level,clericSpells/2/spell,clericSpells/3/level,clericSpells/3/spell,clericSpells/4/level,clericSpells/4/spell,clericSpells/5/level,clericSpells/5/spell,clericSpells/6/level,clericSpells/6/spell,clericSpells/7/level,clericSpells/7/spell,clericSpells/8/level,clericSpells/8/spell,divineAbilityFilter/0,divineAbilityFilter/1,divineAbilityFilter/2,divineAbilityFilter/3,divineAbilityFilter/4,divineAbilityFilter/5,divineSkill/0,divineSkill/1,divineFontFilter/0,divineFontFilter/1
Abadar,Gods of the Inner Sea,Lawful Neutral,Lawful Good,Lawful Neutral,Lawful Evil,,,,,,Cities, Duty, Earth, Travel, Wealth,,,Crossbow,,1,Illusory Object,4,Creation,7,Magnificent Mansion,,,,,,,,,,,,,Constitution ,Intelligence,,,,,Society,,Harm,Heal
Asmodeus,Gods of the Inner Sea,Lawful Evil,Lawful Evil,,,,,,,,Confidence, Duty, Fire, Glyph, Trickery, Tyranny,,Mace,,1,Charm,4,Suggestion,6,Mislead,,,,,,,,,,,,,Strength ,Dexterity,Constitution,Intelligence,Wisdom,Charisma,Deception,,Harm,
Calistria,Gods of the Inner Sea,Chaotic Neutral,Chaotic Good,Chaotic Neutral,Chaotic Evil,,,,,,Pain, Passion, Secrecy, Trickery,,,,Whip,,1,Charm,3,Enthrall,6,Mislead,,,,,,,,,,,,,Dexterity ,Charisma,,,,,Deception,,Harm,Heal
Cayden Cailean,Gods of the Inner Sea,Chaotic Good,Neutral Good,Chaotic Good,Chaotic Neutral,,,,,,Cities, Freedom, Indulgence, Might,,,,Rapier,,1,Fleet Step,2,Touch of Idiocy,5,Hallucination,,,,,,,,,,,,,Constitution ,Charisma,,,,,Athletics,,Heal,
Desna,Gods of the Inner Sea,Chaotic Good,Neutral Good,Chaotic Good,Chaotic Neutral,,,,,,Dreams, Luck, Moon, Star, Travel, Void,,Starknife,,1,Sleep,4,Fly,5,Dreaming Potential,,,,,,,,,,,,,Dexterity ,Charisma,,,,,Acrobatics,,Heal,
Erastil,Gods of the Inner Sea,Lawful Good,Lawful Good,Neutral Good,Lawful Neutral,,,,,,Duty, Earth, Family, Nature, Wealth,,,Longbow,,1,True Strike,3,Wall of Thorns,5,Tree Stride,,,,,,,,,,,,,Constitution ,Wisdom,,,,,Survival,,Heal,
Gorum,Gods of the Inner Sea,Chaotic Neutral,Chaotic Neutral,Chaotic Evil,,,,,,,Confidence, Destruction, Might, Zeal,,,,Greatsword,,1,True Strike,2,Enlarge,4,Weapon Storm,,,,,,,,,,,,,Strength ,Constitution,,,,,Athletics,,Harm,Heal
Gozreh,Gods of the Inner Sea,Neutral,Neutral Good,Lawful Neutral,Neutral,Chaotic Neutral,Neutral Evil,,,,Air, Cold, Lightning, Nature, Travel, Water,,Trident,,1,Gust of Wind,3,Lightning Bolt,5,Control Water,,,,,,,,,,,,,Constitution ,Wisdom,,,,,Survival,,Heal,
Iomedae,Gods of the Inner Sea,Lawful Good,Lawful Good,Neutral Good,,,,,,,Confidence, Duty, Might, Truth, Zeal,,,Longsword,,1,True Strike,2,Enlarge,4,Fire Shield,,,,,,,,,,,,,Strength ,Constitution,,,,,Intimidation,,Heal,
Irori,Gods of the Inner Sea,Lawful Neutral,Lawful Good,Lawful Neutral,Lawful Evil,,,,,,Change, Knowledge, Might, Perfection, Truth, Vigil,,Fist,,1,Jump,3,Haste,4,Stoneskin,,,,,,,,,,,,,Intelligence ,Wisdom,,,,,Athletics,,Harm,Heal
Lamashtu,Gods of the Inner Sea,Chaotic Evil,Chaotic Evil,,,,,,,,Change, Family, Might, Nightmares, Trickery,,,Falchion,,1,Magic Fang,2,Animal Form,4,Nightmare,,,,,,,,,,,,,Constitution ,Strength,,,,,Survival,,Harm,Heal
Nethys,Gods of the Inner Sea,Neutral,Neutral Good,Lawful Neutral,Neutral,Chaotic Neutral,Neutral Evil,,,,Destruction, Glyph, Knowledge, Magic, Protection,,,Staff,,1,Magic Missile,2,Magic Mouth,3,Levitate,4,Blink,5,Prying Eye,6,Wall of Force,7,Warp Mind,8,Maze,9,Disjunction,Wisdom ,Intelligence,,,,,Arcana,,Harm,Heal
Norgorber,Gods of the Inner Sea,Neutral Evil,N(seeentry),Lawful Evil,Neutral Evil,Chaotic Evil,,,,,Death, Secrecy, Trickery, Wealth,,,,Shortsword,,1,Illusory Disguise,2,Invisibility,4,Phantasmal Killer,,,,,,,,,,,,,Dexterity ,Intelligence,,,,,Stealth,,Harm,
Pharasma,Gods of the Inner Sea,Neutral,Neutral Good,Lawful Neutral,Neutral,,,,,,Death, Fate, Healing, Knowledge, Soul, Time, Vigil,Dagger,,1,Mindlink,3,Ghostly Weapon,4,Phantasmal Killer,,,,,,,,,,,,,Constitution ,Wisdom,,,,,Medicine,,Heal,
Rovagug,Gods of the Inner Sea,Chaotic Evil,Neutral Evil,Chaotic Evil,,,,,,,Air, Destruction, Earth, Swarm, Void, Zeal,,Greataxe,,1,Burning Hands,2,Enlarge,6,Disintegrate,,,,,,,,,,,,,Strength ,Constitution,,,,,Athletics,,Harm,
Sarenrae,Gods of the Inner Sea,Neutral Good,Lawful Good,Neutral Good,Chaotic Good,,,,,,Fire, Healing, Repose, Sun, Truth,,,Scimitar,,1,Burning Hands,3,Fireball,4,Wall of Fire,,,,,,,,,,,,,Constitution ,Wisdom,,,,,Medicine,,Heal,
Shelyn,Gods of the Inner Sea,Neutral Good,Lawful Good,Neutral Good,Chaotic Good,,,,,,Creation, Family, Passion, Protection, Repose,,,Glaive,,1,Color Spray,3,Enthrall,4,Creation,,,,,,,,,,,,,Wisdom ,Charisma,,,,,Crafting ,Performance,Heal,
Torag,Gods of the Inner Sea,Lawful Good,Lawful Good,Lawful Neutral,,,,,,,Creation, Duty, Earth, Family, Protection,,,Warhammer,,1,Mindlink,3,Earthbind,4,Creation,,,,,,,,,,,,,Constitution ,Wisdom,,,,,Crafting,,Heal,
Urgathoa,Gods of the Inner Sea,Neutral Evil,Lawful Evil,Neutral Evil,Chaotic Evil,,,,,,Decay, Indulgence, Magic, Might, Swarm, Undeath,,Scythe,,1,Goblin Pox,2,False Life,7,Mask of Terror,,,,,,,,,,,,,Constitution ,Wisdom,,,,,Intimidation,,Harm,
Zon-Kuthon,Gods of the Inner Sea,Lawful Evil,Lawful Neutral,Lawful Evil,Neutral Evil,,,,,,Ambition, Darkness, Destruction, Pain, Void,,,Spiked Chain,,1,Phantom Pain,3,Wall of Thorns,5,Shadow Walk,,,,,,,,,,,,,Constitution ,Wisdom,,,,,Intimidation,,Harm,
Achaekek,Other Gods,Lawful Evil,Lawful Neutral,Lawful Evil,Neutral Evil,,,,,,Death, Might, Trickery, Zeal,,,,Sawtooth Saber,,1,True Strike,2,Invisibility,4,Phantasmal Killer,,,,,,,,,,,,,Strength ,Dexterity,,,,,Stealth,,Harm,
Alseta,Other Gods,Lawful Neutral,Lawful Good,Lawful Neutral,Neutral,,,,,,Change, Magic, Protection, Time,,,,Dagger,,1,Anticipate Peril,2,Knock,4,Dimension Door,,,,,,,,,,,,,Intelligence ,Charisma,,,,,Diplomacy,,Heal,
Apsu,Other Gods,Lawful Good,Lawful Good,,,,,,,,Creation, Protection, Travel, Wyrmkin,,,,Jaws,Staff,1,Magic Fang,4,Creation,6,Dragon Form (Metallic Dragons Only),,,,,,,,,,,,,Wisdom ,Charisma,,,,,Diplomacy,,Heal,
Arazni,Other Gods,Neutral Evil,Chaotic Good,Lawful Neutral,Neutral,Chaotic Neutral,Neutral Evil,,,,Confidence, Freedom, Pain, Protection, Sorrow,,,Rapier,,1,Endure,2,Animus Mine,6,Feeblemind,,,,,,,,,,,,,Constitution ,Intelligence,,,,,Intimidation,,Harm,
Besmara,Other Gods,Chaotic Neutral,Chaotic Good,Chaotic Neutral,Chaotic Evil,,,,,,Destruction, Trickery, Water, Wealth,,,,Rapier,,1,Hydraulic Push,3,Feet To Fins,5,Mariner's Curse,,,,,,,,,,,,,Dexterity ,Constitution,,,,,Athletics,,Harm,Heal
Brigh,Other Gods,Neutral,Neutral Good,Lawful Neutral,Neutral,Chaotic Neutral,Neutral Evil,,,,Creation, Earth, Fire, Knowledge, Time,,,Light Hammer,,1,Temporary Tool,4,Creation,7,Duplicate Foe,,,,,,,,,,,,,Intelligence ,Wisdom,,,,,Crafting,,Harm,Heal
Casandalee,Other Gods,Neutral,Neutral Good,Lawful Neutral,Neutral,Chaotic Neutral,Neutral Evil,,,,Ambition, Creation, Freedom, Knowledge, Lightning, Perfection,,Polytool,,1,Floating Disk,3,Hypercognition,6,Wall of Force,,,,,,,,,,,,,Constitution ,Intelligence,,,,,Society,,Harm,Heal
Chaldira,Other Gods,Neutral Good,Lawful Good,Neutral Good,Chaotic Good,,,,,,Confidence, Luck, Trickery, Zeal,,,,Shortsword,,1,Fleet Step,2,Misdirection,5,Cloak of Colors,,,,,,,,,,,,,Dexterity ,Charisma,,,,,Thievery,,Heal,
Dahak,Other Gods,Chaotic Evil,Chaotic Evil,,,,,,,,Destruction, Fire, Wyrmkin, Zeal,,,,Jaws,Whip,1,Magic Fang,3,Fireball,6,Dragon Form (Chromatic Dragons Only),,,,,,,,,,,,,Strength ,Constitution,,,,,Athletics,,Harm,
Erecura,Other Gods,Lawful Neutral,Lawful Good,Lawful Neutral,Neutral,,,,,,Fate, Secrecy, Trickery, Truth,,,,Light Mace,,1,Anticipate Peril,2,Misdirection,3,Nondetection,,,,,,,,,,,,,Wisdom ,Charisma,,,,,Deception,,Harm,Heal
Gendowyn,Other Gods,Chaotic Neutral,Chaotic Good,Neutral,Chaotic Neutral,Chaotic Evil,,,,,Earth, Family, Luck, Nature,,,,Whip,,1,Summon Fey,2,Barkskin,5,Tree Stride,,,,,,,,,,,,,Dexterity ,Charisma,,,,,Stealth,,Heal,
Ghlaunder,Other Gods,Chaotic Evil,Neutral Evil,Chaotic Evil,,,,,,,Air, Decay, Plague, Swarm,,,,Spear,,1,Goblin Pox,2,Vomit Swarm,3,Insect Form,,,,,,,,,,,,,Constitution ,Wisdom,,,,,Nature,,Harm,
Grandmother Spider,Other Gods,Neutral,Neutral Good,Chaotic Good,Neutral,Chaotic Neutral,,,,,Change, Creation, Darkness, Family, Fate, Trickery,,Bola,,1,Pest Form,2,Web,4,Glibness,,,,,,,,,,,,,Intelligence ,Wisdom,,,,,Crafting,,Harm,Heal
Groetus,Other Gods,Chaotic Neutral,Chaotic Neutral,Chaotic Evil,,,,,,,Darkness, Decay, Destruction, Nightmares, Void,,,War Flail,,1,Phantom Pain,5,Crushing Despair,9,Disjunction,,,,,,,,,,,,,Strength ,Charisma,,,,,Intimidation,,Harm,
Gyronna,Other Gods,Chaotic Evil,Neutral Evil,Chaotic Evil,,,,,,,Ambition, Nightmares, Pain, Zeal,,,,Dagger,,1,Ill Omen,2,Paranoia,6,Feeblemind,,,,,,,,,,,,,Wisdom ,Charisma,,,,,Intimidation,,Harm,
Hanspur,Other Gods,Chaotic Neutral,Chaotic Good,Neutral,Chaotic Neutral,Chaotic Evil,,,,,Death, Travel, Water, Wealth,,,,Trident,,1,Hydraulic Push,2,Aqueous Orb,4,Solid Fog,,,,,,,,,,,,,Strength ,Dexterity,,,,,Athletics,,Harm,
Jaidi,Other Gods,Neutral Good,Lawful Good,Neutral Good,Neutral,,,,,,Family, Might, Nature, Sun,,,,Scythe,,1,Temporary Tool,2,Shape Wood,3,Wall of Thorns,,,,,,,,,,,,,Strength ,Constitution,,,,,Nature,,Heal,
Kazutal,Other Gods,Neutral Good,Lawful Good,Neutral Good,Chaotic Good,,,,,,Cities, Family, Freedom, Might, Protection,,,Machete,,1,Mage Armor,3,Animal Form,4,Stoneskin,,,,,,,,,,,,,Strength ,Wisdom,,,,,Society,,Heal,
Kurgess,Other Gods,Neutral Good,Lawful Good,Neutral Good,Chaotic Good,Neutral,,,,,Ambition, Might, Truth, Zeal,,,,Javelin,,1,Ant Haul,2,Enlarge,3,Haste,,,,,,,,,,,,,Strength ,Constitution,,,,,Athletics,,Heal,
Lissala,Other Gods,Lawful Evil,Lawful Neutral,Lawful Evil,,,,,,,Fate, Glyph, Magic, Toil,,,,Whip,,1,Message Rune,2,Secret Page,6,Dominate,,,,,,,,,,,,,Intelligence ,Wisdom,,,,,Arcana,,Harm,
Milani,Other Gods,Chaotic Good,Neutral Good,Chaotic Good,Chaotic Neutral,,,,,,Change, Destruction, Freedom, Zeal,,,,Morningstar,,1,Mage Armor,3,Enthrall,4,Fire Shield,,,,,,,,,,,,,Strength ,Wisdom,,,,,Society,,Heal,
Naderi,Other Gods,Neutral,Neutral Good,Neutral,Neutral Evil,,,,,,Death, Passion, Sorrow, Water,,,,Dagger,,1,Soothe,4,Crushing Despair,5,Drop Dead,,,,,,,,,,,,,Constitution ,Charisma,,,,,Diplomacy,,Harm,
Nivi Rhombodazzle,Other Gods,Neutral,Neutral Good,Lawful Neutral,Neutral,Chaotic Neutral,,,,,Confidence, Earth, Family, Luck, Trickery, Wealth,,Light Hammer,,1,Illusory Disguise,2,Invisibility,4,Private Sanctum,,,,,,,,,,,,,Dexterity ,Intelligence,,,,,Stealth,,Harm,Heal
Nocticula,Other Gods,Chaotic Neutral,Chaotic Good,Neutral,Chaotic Neutral,,,,,,Change, Creation, Darkness, Travel,,,,Dagger,,1,Penumbral Shroud,3,Nondetection,4,Creation,,,,,,,,,,,,,Dexterity ,Charisma,,,,,Society,,Heal,
Sivanah,Other Gods,Neutral,Neutral Good,Lawful Neutral,Neutral,Chaotic Neutral,Neutral Evil,,,,Delirium, Glyph, Magic, Secrecy, Trickery,,,Bladed Scarf,,1,Illusory Disguise,4,Veil,5,Shadow Siphon,,,,,,,,,,,,,Wisdom ,Charisma,,,,,Deception,,Harm,Heal
Thamir,Other Gods,Chaotic Evil,Neutral Evil,Chaotic Evil,,,,,,,Ambition, Confidence, Trickery, Wealth,,,,Dagger,,1,Penumbral Shroud,3,Invisibility Sphere,6,Mislead,,,,,,,,,,,,,Dexterity ,Charisma,,,,,Thievery,,Harm,
Walkena,Other Gods,Lawful Evil,Lawful Neutral,Lawful Evil,,,,,,,Family, Freedom, Sun, Tyranny,,,,Spear,,1,Burning Hands,3,Fireball,4,Wall of Fire,,,,,,,,,,,,,Strength ,Wisdom,,,,,Deception,,Harm,
Zyphus,Other Gods,Neutral Evil,Neutral Evil,Chaotic Evil,,,,,,,Death, Sorrow, Soul, Undeath,,,,Pick,,1,Ill Omen,2,Shatter,6,Phantasmal Calamity,,,,,,,,,,,,,Dexterity ,Constitution,,,,,Thievery,,Harm,
Anubis,Ancient Osirian Gods,Lawful Neutral,Lawful Good,Lawful Neutral,Neutral,,,,,,Death, Protection, Soul, Vigil,,,,Flail,,1,Unseen Servant,3,Shifting Sand,5,Wall of Stone,,,,,,,,,,,,,Dexterity ,Wisdom,,,,,Occultism,,Harm,Heal
Bastet,Ancient Osirian Gods,Chaotic Neutral,Chaotic Good,Neutral,Chaotic Neutral,,,,,,Nature, Passion, Protection, Trickery,,,,Claw,Tekko-Kagi,1,Pest Form (Cats Only),3,Animal Vision,4,Private Sanctum,,,,,,,,,,,,,Intelligence ,Charisma,,,,,Deception,,Heal,
Bes,Ancient Osirian Gods,Neutral Good,Lawful Good,Neutral Good,Chaotic Good,,,,,,Earth, Family, Luck, Protection,,,,Mambele,,1,Sleep,2,Hideous Laughter,3,Enthrall,,,,,,,,,,,,,Constitution ,Charisma,,,,,Performance,,Heal,
Hathor,Ancient Osirian Gods,Chaotic Good,Neutral Good,Chaotic Good,,,,,,,Family, Passion, Sun, Wealth,,,,Shortsword,,1,Charm,2,Tree Shape,8,Uncontrollable Dance,,,,,,,,,,,,,Strength ,Charisma,,,,,Performance,,Heal,
Horus,Ancient Osirian Gods,Lawful Neutral,Lawful Good,Neutral Good,Lawful Neutral,Neutral,,,,,Air, Moon, Protection, Sun,,,,Khopesh,,1,Floating Disk,3,Wall of Wind,4,Aerial Form (Bird Only),,,,,,,,,,,,,Strength ,Charisma,,,,,Diplomacy,,Heal,
Isis,Ancient Osirian Gods,Neutral Good,Lawful Good,Neutral Good,Chaotic Good,,,,,,Family, Healing, Magic, Passion,,,,Staff,,1,Soothe,2,Humanoid Form,3,Animal Vision,4,Creation,5,Control Water,6,Wall of Force,7,Magnificent Mansion,8,Wind Walk,9,Shapechange,Wisdom ,Charisma,,,,,Arcana,,Heal,
Ma'at,Ancient Osirian Gods,Lawful Neutral,Lawful Good,Lawful Neutral,Neutral,,,,,,Knowledge, Protection, Star, Truth,,,,Starknife,,1,Feather Fall,4,Resilient Sphere,5,Mind Probe,,,,,,,,,,,,,Intelligence ,Wisdom,,,,,Society,,Heal,
Osiris,Ancient Osirian Gods,Lawful Good,Lawful Good,Neutral Good,,,,,,,Change, Healing, Nature, Soul,,,,Flail,,1,Soothe,2,False Life,6,Tangling Creepers,,,,,,,,,,,,,Constitution ,Wisdom,,,,,Nature,,Heal,
Ra,Ancient Osirian Gods,Lawful Neutral,Lawful Good,Lawful Neutral,Neutral,,,,,,Fire, Nature, Sun, Time,,,,Spear,,1,Burning Hands,2,Flaming Sphere,3,Threefold Aspect,,,,,,,,,,,,,Strength ,Intelligence,,,,,Society,,Heal,
Sekhmet,Ancient Osirian Gods,Chaotic Neutral,Chaotic Good,Neutral,Chaotic Neutral,Chaotic Evil,,,,,Destruction, Healing, Indulgence, Might,,,,Claw,Battle Axe,1,True Strike,4,Wall of Fire,5,Moon Frenzy,,,,,,,,,,,,,Strength ,Wisdom,,,,,Medicine,,Harm,Heal
Selket,Ancient Osirian Gods,Chaotic Good,Neutral Good,Chaotic Good,Chaotic Neutral,,,,,,Healing, Magic, Nature, Protection,,,,Whip,,1,Soothe,3,Paralyze,6,Purple Worm Sting,,,,,,,,,,,,,Dexterity ,Wisdom,,,,,Medicine,,Heal,
Sobek,Ancient Osirian Gods,Chaotic Neutral,Chaotic Good,Neutral,Chaotic Neutral,Chaotic Evil,,,,,Might, Protection, Water, Wyrmkin,,,,Falchion,,1,Hydraulic Push,3,Feet To Fins,4,Dinosaur Form (Appears As Crocodile),,,,,,,,,,,,,Strength ,Constitution,,,,,Athletics,,Harm,Heal
Thoth,Ancient Osirian Gods,Lawful Neutral,Lawful Good,Lawful Neutral,Neutral,,,,,,Glyph, Knowledge, Magic, Moon,,,,Sickle,,1,Message Rune,2,Comprehend Language,3,Secret Page,,,,,,,,,,,,,Intelligence ,Wisdom,,,,,Arcana,,Harm,Heal
Wadjet,Ancient Osirian Gods,Lawful Good,Lawful Good,Neutral Good,,,,,,,Protection, Travel, Water, Zeal,,,,Light Mace,,1,Mage Armor,2,Animal Form (Snake Only),4,Fly,,,,,,,,,,,,,Dexterity ,Wisdom,,,,,Nature,,Heal,
Baalzebul,Archdevils,Lawful Evil,Lawful Evil,,,,,,,,Air, Ambition, Magic, Trickery,,,,Spear,,1,Fleet Step,2,Vomit Swarm,6,Mislead,,,,,,,,,,,,,Dexterity ,Charisma,,,,,Deception,,Harm,
Barbatos,Archdevils,Lawful Evil,Lawful Evil,,,,,,,,Magic, Nature, Travel, Tyranny,,,,Staff,,1,Magic Fang,3,Paralyze,4,Clairvoyance,,,,,,,,,,,,,Constitution ,Wisdom,,,,,Nature,,Harm,
Belial,Archdevils,Lawful Evil,Lawful Evil,,,,,,,,Change, Passion, Trickery, Zeal,,,,Ranseur,,1,Charm,2,Humanoid Form,3,Enthrall,,,,,,,,,,,,,Intelligence ,Charisma,,,,,Diplomacy,,Harm,
Dispater,Archdevils,Lawful Evil,Lawful Neutral,Lawful Evil,,,,,,,Cities, Confidence, Duty, Tyranny,,,,Mace,,1,Tether,4,Suggestion,6,Flesh To Stone,,,,,,,,,,,,,Strength ,Charisma,,,,,Society,,Harm,
Geryon,Archdevils,Lawful Evil,Lawful Evil,,,,,,,,Might, Truth, Water, Wyrmkin,,,,War Flail,,1,Acidic Burst,2,Animal Form (Snake Only),3,Hypercognition,,,,,,,,,,,,,Intelligence ,Wisdom,,,,,Occultism,,Harm,
Mammon,Archdevils,Lawful Evil,Lawful Evil,,,,,,,,Ambition, Creation, Toil, Wealth,,,,Spear,,1,Shattering Gem,4,Creation,7,Magnificent Mansion,,,,,,,,,,,,,Wisdom ,Charisma,,,,,Thievery,,Harm,
Mephistopheles,Archdevils,Lawful Evil,Lawful Evil,,,,,,,,Glyph, Knowledge, Secrecy, Tyranny,,,,Trident,,1,Message Rune,2,Blistering Invective,5,Subconscious Suggestion,,,,,,,,,,,,,Intelligence ,Charisma,,,,,Deception,,Harm,
Moloch,Archdevils,Lawful Evil,Lawful Evil,,,,,,,,Destruction, Duty, Fire, Might,,,,Whip,,1,Burning Hands,5,Acid Storm,7,Fiery Body,,,,,,,,,,,,,Strength ,Constitution,,,,,Athletics,,Harm,
Abraxas,Demon Lords,Chaotic Evil,Neutral Evil,Chaotic Evil,,,,,,,Destruction, Knowledge, Magic, Wyrmkin,,,,Whip,,1,Share Lore,2,Spectral Hand,3,Hypercognition,4,Reflective Scales,5,Black Tentacles,6,Feeblemind,7,Spell Turning,8,Unrelenting Observation,9,Disjunction,Intelligence ,Wisdom,,,,,Arcana,,Harm,
Angazhan,Demon Lords,Chaotic Evil,Chaotic Evil,,,,,,,,Destruction, Might, Nature, Tyranny,,,,Spear,,1,Magic Fang,3,Animal Form (Ape Only),5,Moon Frenzy,,,,,,,,,,,,,Strength ,Constitution,,,,,Athletics,,Harm,
Baphomet,Demon Lords,Chaotic Evil,Chaotic Neutral,Chaotic Evil,,,,,,,Indulgence, Might, Secrecy, Zeal,,,,Glaive,,1,Summon Animal,2,Enlarge,8,Maze,,,,,,,,,,,,,Intelligence ,Wisdom,,,,,Survival,,Harm,
Cyth-V'sug,Demon Lords,Chaotic Evil,Chaotic Evil,,,,,,,,Change, Decay, Nature, Plague,,,,Scimitar,,1,Summon Plant Or Fungus,2,Fungal Hyphae,5,Plant Form,,,,,,,,,,,,,Constitution ,Wisdom,,,,,Nature,,Harm,Heal
Dagon,Demon Lords,Chaotic Evil,Chaotic Neutral,Chaotic Evil,,,,,,,Change, Destruction, Water, Zeal,,,,Trident,,1,Hydraulic Push,3,Feet To Fins,6,Chain Lightning,,,,,,,,,,,,,Strength ,Constitution,,,,,Athletics,,Harm,
Gogunta,Demon Lords,Chaotic Evil,Chaotic Evil,,,,,,,,Indulgence, Might, Tyranny, Water,,,,Whip,,1,Jump,3,Stinking Cloud,5,Black Tentacles,,,,,,,,,,,,,Strength ,Wisdom,,,,,Intimidation,,Harm,
Kabriri,Demon Lords,Chaotic Evil,Neutral Evil,Chaotic Evil,,,,,,,Indulgence, Knowledge, Undeath, Vigil,,,,Jaws,Flail,1,Jump,2,Expeditious Excavation,3,Paralyze,,,,,,,,,,,,,Dexterity ,Intelligence,,,,,Stealth,,Harm,
Kostchtchie,Demon Lords,Chaotic Evil,Neutral Evil,Chaotic Evil,,,,,,,Cold, Destruction, Might, Zeal,,,,Warhammer,,1,Chilling Spray,2,Enlarge,5,Cone of Cold,,,,,,,,,,,,,Strength ,Constitution,,,,,Athletics,,Harm,
Nurgal,Demon Lords,Chaotic Evil,Neutral Evil,Chaotic Evil,,,,,,,Destruction, Dust, Fire, Sun,,,,Mace,,1,Burning Hands,2,Flaming Sphere,3,Cup of Dust,,,,,,,,,,,,,Constitution ,Charisma,,,,,Survival,,Harm,
Pazuzu,Demon Lords,Chaotic Evil,Chaotic Evil,,,,,,,,Air, Swarm, Trickery, Tyranny,,,,Longsword,,1,Gust of Wind,3,Suggestion,4,Fly,,,,,,,,,,,,,Dexterity ,Charisma,,,,,Diplomacy,,Harm,
Shax,Demon Lords,Chaotic Evil,Neutral Evil,Chaotic Evil,,,,,,,Ambition, Death, Pain, Trickery,,,,Dagger,,1,Phantom Pain,2,Invisibility,3,Haste,,,,,,,,,,,,,Dexterity ,Charisma,,,,,Intimidation,,Harm,
Sifkesh,Demon Lords,Chaotic Evil,Neutral Evil,Chaotic Evil,,,,,,,Nightmares, Pain, Sorrow, Trickery,,,,War Razor,,1,Ill Omen,4,Crushing Despair,5,Subconscious Suggestion,,,,,,,,,,,,,Wisdom ,Charisma,,,,,Deception,,Harm,
Treerazer,Demon Lords,Chaotic Evil,Neutral Evil,Chaotic Evil,,,,,,,Destruction, Nature, Nightmares, Tyranny,,,,Battle Axe,,1,Grim Tendrils,3,Wall of Thorns,6,Tangling Creepers,,,,,,,,,,,,,Strength ,Constitution,,,,,Survival,,Harm,Heal
Zevgavizeb,Demon Lords,Chaotic Evil,Neutral Evil,Chaotic Evil,,,,,,,Destruction, Might, Nature, Wyrmkin,,,,Spiked Gauntlet,,1,Magic Fang,4,Dinosaur Form,8,Earthquake,,,,,,,,,,,,,Strength ,Constitution,,,,,Survival,,Harm,
Zura,Demon Lords,Chaotic Evil,Neutral Evil,Chaotic Evil,,,,,,,Delirium, Indulgence, Nightmares, Undeath,,,,Rapier,,1,Charm,4,Gaseous Form,6,Dominate,,,,,,,,,,,,,Strength ,Charisma,,,,,Diplomacy,,Harm,
Angradd,Dwarven Gods,Lawful Good,Lawful Good,Lawful Neutral,,,,,,,Fate, Fire, Protection, Zeal,,,,Greataxe,,1,Burning Hands,2,Blistering Invective,3,Fireball,,,,,,,,,,,,,Strength ,Constitution,,,,,Athletics,,Heal,
Bolka,Dwarven Gods,Neutral Good,Lawful Good,Neutral Good,Chaotic Good,,,,,,Confidence, Family, Healing, Passion,,,,Mace,,1,Soothe,4,Creation,6,Collective Transposition,,,,,,,,,,,,,Wisdom ,Charisma,,,,,Diplomacy,,Heal,
Dranngvit,Dwarven Gods,Lawful Neutral,Lawful Neutral,Lawful Evil,,,,,,,Knowledge, Might, Travel, Vigil,,,,Light Pick,,1,Longstrider,2,Knock,5,Passwall,,,,,,,,,,,,,Constitution ,Wisdom,,,,,Intimidation,,Harm,Heal
Droskar,Dwarven Gods,Neutral Evil,Lawful Evil,Neutral Evil,Chaotic Evil,,,,,,Ambition, Duty, Earth, Fire, Toil, Truth, Tyranny,Light Hammer,,1,Ant Haul,3,Haste,6,Dominate,,,,,,,,,,,,,Constitution ,Intelligence,,,,,Crafting,,Harm,
Folgrit,Dwarven Gods,Lawful Good,Lawful Good,Neutral Good,Lawful Neutral,,,,,,Cities, Family, Protection, Repose,,,,Staff,,1,Endure,4,Fire Shield,9,Resplendent Mansion,,,,,,,,,,,,,Constitution ,Wisdom,,,,,Medicine,,Heal,
Grundinnar,Dwarven Gods,Lawful Good,Lawful Good,Neutral Good,,,,,,,Confidence, Family, Protection, Truth,,,,Light Hammer,,1,Anticipate Peril,4,Resilient Sphere,6,Wall of Force,,,,,,,,,,,,,Constitution ,Charisma,,,,,Diplomacy,,Heal,
Kols,Dwarven Gods,Lawful Neutral,Lawful Good,Lawful Neutral,,,,,,,Duty, Knowledge, Might, Truth,,,,Light Hammer,,1,Unseen Servant,4,Suggestion,8,Unrelenting Observation,,,,,,,,,,,,,Strength ,Wisdom,,,,,Society,,Harm,Heal
Magrim,Dwarven Gods,Lawful Neutral,Lawful Good,Lawful Neutral,Neutral,,,,,,Death, Duty, Fate, Glyph,,,,Warhammer,,1,Temporary Tool,2,Expeditious Excavation,9,Earthquake,,,,,,,,,,,,,Constitution ,Wisdom,,,,,Crafting,,Heal,
Trudd,Dwarven Gods,Neutral Good,Lawful Good,Neutral Good,,,,,,,Confidence, Duty, Might, Protection,,,,Warhammer,,1,Endure,3,Haste,4,Stoneskin,,,,,,,,,,,,,Strength ,Constitution,,,,,Athletics,,Heal,
Count Ranalc,Eldest,Chaotic Neutral,Chaotic Good,Neutral,Chaotic Neutral,Chaotic Evil,,,,,Confidence, Darkness, Sorrow, Travel,,,,Rapier,,1,Penumbral Shroud,4,Private Sanctum,5,Shadow Walk,,,,,,,,,,,,,Dexterity ,Charisma,,,,,Stealth,,Harm,Heal
Imbrex,Eldest,Lawful Neutral,Lawful Neutral,Neutral,Lawful Evil,,,,,,Dreams, Earth, Family, Might,,,,War Flail,,1,Mindlink,2,Mirror Image,4,Stoneskin,,,,,,,,,,,,,Constitution ,Wisdom,,,,,Occultism,,Harm,Heal
Magdh,Eldest,Lawful Neutral,Lawful Neutral,Neutral,,,,,,,Fate, Glyph, Knowledge, Truth,,,,Scythe,,1,Anticipate Peril,3,Threefold Aspect,6,Scrying,,,,,,,,,,,,,Intelligence ,Wisdom,,,,,Occultism,,Harm,Heal
Ng,Eldest,Neutral,Neutral,,,,,,,,Knowledge, Magic, Secrecy, Travel,,,,Gauntlet,,1,Pass Without Trace,2,Invisibility,4,Blink,,,,,,,,,,,,,Wisdom ,Charisma,,,,,Survival,,Harm,Heal
Ragadahn,Eldest,Chaotic Evil,Chaotic Neutral,Neutral Evil,Chaotic Evil,,,,,,Destruction, Vigil, Water, Wyrmkin,,,,Whip,,1,Hydraulic Push,3,Feet To Fins,6,Purple Worm Sting,,,,,,,,,,,,,Strength ,Wisdom,,,,,Occultism,,Harm,Heal
Shyka,Eldest,Neutral,Neutral Good,Lawful Neutral,Neutral,Chaotic Neutral,Neutral Evil,,,,Decay, Delirium, Fate, Time,,,,Light Mace,,1,Anticipate Peril,3,Haste,7,Time Beacon,,,,,,,,,,,,,Dexterity ,Intelligence,,,,,Occultism,,Harm,Heal
The Green Mother,Eldest,Neutral Evil,Neutral Evil,Chaotic Evil,,,,,,,Decay, Indulgence, Nature, Passion,,,,Sickle,,1,Charm,4,Suggestion,5,Plant Form,,,,,,,,,,,,,Constitution ,Charisma,,,,,Nature,,Harm,Heal
The Lantern King,Eldest,Chaotic Neutral,Chaotic Neutral,Chaotic Evil,,,,,,,Change, Delirium, Passion, Trickery,,,,Dagger,,1,Illusory Disguise,2,Hideous Laughter,6,Baleful Polymorph,,,,,,,,,,,,,Intelligence ,Charisma,,,,,Deception,,Harm,Heal
The Lost Prince,Eldest,Neutral,Neutral Good,Neutral,,,,,,,Knowledge, Repose, Sorrow, Vigil,,,,Staff,,1,Soothe,4,Modify Memory,5,Crushing Despair,,,,,,,,,,,,,Intelligence ,Wisdom,,,,,Society,,Harm,Heal
Atreia,Elemental Lords,Neutral Good,Lawful Good,Neutral Good,Chaotic Good,Neutral,,,,,Fire, Healing, Protection, Sun,,,,Katar,,1,Soothe,3,Ghostly Weapon,4,Fire Shield,,,,,,,,,,,,,Wisdom ,Charisma,,,,,Performance,,Heal,
Ayrzul,Elemental Lords,Neutral Evil,Neutral,Lawful Evil,Neutral Evil,Chaotic Evil,,,,,Destruction, Earth, Might, Secrecy,,,,Morningstar,,1,Shockwave,2,Summon Elemental (Earth Only),6,Flesh To Stone,,,,,,,,,,,,,Strength ,Constitution,,,,,Deception,,Harm,
Hshurha,Elemental Lords,Neutral Evil,Neutral,Lawful Evil,Neutral Evil,Chaotic Evil,,,,,Air, Cold, Destruction, Dust,,,,Longbow,,1,Gust of Wind,2,Summon Elemental (Air Only),4,Gaseous Form,,,,,,,,,,,,,Strength ,Dexterity,,,,,Stealth,,Harm,
Kelizandri,Elemental Lords,Neutral Evil,Neutral,Lawful Evil,Neutral Evil,Chaotic Evil,,,,,Destruction, Nightmares, Travel, Water,,,,Trident,,1,Fear,2,Summon Elemental (Water Only),4,Hydraulic Torrent,,,,,,,,,,,,,Constitution ,Charisma,,,,,Athletics,,Harm,
Lysianassa,Elemental Lords,Neutral Good,Lawful Good,Neutral Good,Chaotic Good,Neutral,,,,,Change, Fate, Nature, Water,,,,Spear,,1,Hydraulic Push,3,Aqueous Orb,5,Control Water,,,,,,,,,,,,,Dexterity ,Constitution,,,,,Survival,,Heal,
Ranginori,Elemental Lords,Neutral Good,Lawful Good,Neutral Good,Chaotic Good,Neutral,,,,,Air, Freedom, Lightning, Travel,,,,Whip,,1,Liberating Command,4,Fly,6,Chain Lightning,,,,,,,,,,,,,Dexterity ,Charisma,,,,,Acrobatics,,Heal,
Sairazul,Elemental Lords,Neutral Good,Lawful Good,Neutral Good,Chaotic Good,Neutral,,,,,Earth, Family, Toil, Wealth,,,,Pick,,1,Shattering Gem,2,Expeditious Excavation,4,Stoneskin,,,,,,,,,,,,,Constitution ,Charisma,,,,,Nature,,Heal,
Ymeri,Elemental Lords,Neutral Evil,Neutral,Lawful Evil,Neutral Evil,Chaotic Evil,,,,,Destruction, Dust, Fire, Zeal,,,,Longsword,,1,Burning Hands,2,Summon Elemental (Fire Only),4,Wall of Fire,,,,,,,,,,,,,Strength ,Charisma,,,,,Intimidation,,Harm,
Findeladlara,Elven Gods,Chaotic Good,Neutral Good,Chaotic Good,Neutral,Chaotic Neutral,,,,,Cities, Creation, Family, Star,,,,Staff,,1,Temporary Tool,4,Shape Stone,7,Magnificent Mansion,,,,,,,,,,,,,Charisma ,Intelligence,,,,,Crafting,,Heal,
Ketephys,Elven Gods,Chaotic Good,Neutral Good,Chaotic Good,,,,,,,Darkness, Moon, Nature, Secrecy,,,,Longbow,,1,Pass Without Trace,2,Invisibility,3,Animal Vision,,,,,,,,,,,,,Dexterity ,Wisdom,,,,,Survival,,Heal,
Yuelral,Elven Gods,Neutral Good,Lawful Good,Neutral Good,Chaotic Good,Neutral,,,,,Creation, Earth, Knowledge, Magic,,,,Dagger,,1,Shattering Gem,2,Shape Wood,3,Meld Into Stone,4,Speak With Plants,5,Tree Stride,6,Tangling Creepers,7,Unfettered Pack,8,Prismatic Wall,9,Nature's Enmity,Intelligence ,Wisdom,,,,,Arcana,,Heal,
Andoletta,Empyreal Lords,Lawful Good,Lawful Good,Neutral Good,,,,,,,Family, Knowledge, Protection, Sorrow,,,,Staff,,1,Shillelagh,4,Aerial Form (Bird Only),6,Collective Transposition,,,,,,,,,,,,,Wisdom ,Charisma,,,,,Society,,Heal,
Arshea,Empyreal Lords,Neutral Good,Lawful Good,Neutral Good,Chaotic Good,,,,,,Confidence, Freedom, Passion, Perfection,,,,Flail,,1,Mage Armor,2,Humanoid Form,5,Dreaming Potential,,,,,,,,,,,,,Constitution ,Charisma,,,,,Diplomacy,,Heal,
Ashava,Empyreal Lords,Chaotic Good,Neutral Good,Chaotic Good,,,,,,,Darkness, Moon, Repose, Soul,,,,Bladed Scarf,,1,Soothe,2,Glitterdust,8,Uncontrollable Dance,,,,,,,,,,,,,Dexterity ,Charisma,,,,,Performance,,Heal,
Black Butterfly,Empyreal Lords,Chaotic Good,Neutral Good,Chaotic Good,,,,,,,Freedom, Secrecy, Star, Void,,,,Starknife,,1,Penumbral Shroud,2,Blur,4,Blink,,,,,,,,,,,,,Dexterity ,Wisdom,,,,,Stealth,,Heal,
Cernunnos,Empyreal Lords,Chaotic Good,Lawful Good,Neutral Good,Chaotic Good,,,,,,Lightning, Nature, Passion, Zeal,,,,Longbow,,1,True Strike,2,Animal Form,3,Lightning Bolt,,,,,,,,,,,,,Strength ,Constitution,,,,,Survival,,Heal,
Dammerich,Empyreal Lords,Lawful Good,Lawful Good,,,,,,,,Death, Duty, Truth, Vigil,,,,Greataxe,,1,True Strike,3,Paralyze,4,Stoneskin,,,,,,,,,,,,,Constitution ,Wisdom,,,,,Athletics,,Harm,Heal
Eritrice,Empyreal Lords,Neutral Good,Lawful Good,Neutral Good,Chaotic Good,,,,,,Confidence, Glyph, Knowledge, Truth,,,,Dagger,,1,Mindlink,2,Comprehend Languages,3,Enthrall,,,,,,,,,,,,,Intelligence ,Charisma,,,,,Diplomacy,,Heal,
Falayna,Empyreal Lords,Lawful Good,Lawful Good,Neutral Good,Chaotic Good,,,,,,Creation, Freedom, Might, Wealth,,,,Longsword,,1,True Strike,3,Ghostly Weapon,5,Cloak of Colors,,,,,,,,,,,,,Strength ,Charisma,,,,,Athletics,,Heal,
Halcamora,Empyreal Lords,Neutral Good,Lawful Good,Neutral Good,Neutral,,,,,,Indulgence, Luck, Nature, Swarm,,,,Club,,1,Summon Plant Or Fungus,2,Touch of Idiocy,4,Speak With Plants,,,,,,,,,,,,,Constitution ,Wisdom,,,,,Nature,,Heal,
Irez,Empyreal Lords,Neutral Good,Lawful Good,Neutral Good,Chaotic Good,Neutral,,,,,Fate, Glyph, Luck, Magic,,,,Dart,,1,Anticipate Peril,2,Mirror Image,3,Secret Page,,,,,,,,,,,,,Dexterity ,Intelligence,,,,,Arcana,,Heal,
Jaidz,Empyreal Lords,Neutral Good,Lawful Good,Neutral Good,Chaotic Good,Neutral,,,,,Confidence, Nightmares, Protection, Travel,,,,Shortsword,,1,Longstrider,3,Haste,7,Mask of Terror,,,,,,,,,,,,,Strength ,Wisdom,,,,,Intimidation,,Heal,
Korada,Empyreal Lords,Neutral Good,Neutral Good,Neutral,,,,,,,Change, Healing, Magic, Protection,,,,Fist,,1,Soothe,3,Slow,4,Resilient Sphere,,,,,,,,,,,,,Wisdom ,Charisma,,,,,Diplomacy,,Heal,
Lymnieris,Empyreal Lords,Lawful Good,Lawful Good,Neutral Good,Chaotic Good,,,,,,Change, Passion, Protection, Repose,,,,Longsword,,1,Mage Armor,3,Threefold Aspect,4,Resilient Sphere,,,,,,,,,,,,,Wisdom ,Charisma,,,,,Society,,Heal,
Pulura,Empyreal Lords,Chaotic Good,Neutral Good,Chaotic Good,,,,,,,Cold, Darkness, Sorrow, Star,,,,Sling,,1,Color Spray,5,Chromatic Wall,6,Teleport,,,,,,,,,,,,,Constitution ,Wisdom,,,,,Survival,,Heal,
Ragathiel,Empyreal Lords,Lawful Good,Lawful Good,,,,,,,,Destruction, Duty, Fire, Zeal,,,,Bastard Sword,,1,True Strike,3,Haste,4,Fire Shield,,,,,,,,,,,,,Strength ,Charisma,,,,,Intimidation,,Harm,Heal
Shei,Empyreal Lords,Neutral Good,Lawful Good,Neutral Good,Chaotic Good,,,,,,Family, Freedom, Healing, Perfection,,,,Sickle,,1,Liberating Command,3,Hypercognition,5,Dreaming Potential,,,,,,,,,,,,,Intelligence ,Charisma,,,,,Society,,Heal,
Soralyon,Empyreal Lords,Neutral Good,Lawful Good,Neutral Good,Chaotic Good,Neutral,,,,,Creation, Earth, Magic, Protection,,,,Pick,,1,Summon Construct,3,Meld Into Stone,4,Stoneskin,,,,,,,,,,,,,Strength ,Intelligence,,,,,Arcana,,Heal,
Tanagaar,Empyreal Lords,Lawful Good,Lawful Good,Lawful Neutral,,,,,,,Darkness, Duty, Nature, Zeal,,,,Kukri,,1,Pass Without Trace,3,Animal Vision,4,Aerial Form (Bird Only),,,,,,,,,,,,,Strength ,Wisdom,,,,,Stealth,,Heal,
Vildeis,Empyreal Lords,Lawful Good,Lawful Good,,,,,,,,Duty, Pain, Sorrow, Zeal,,,,Dagger,,1,Phantom Pain,2,Slough Skin (Appears As Streams of Blood),5,Synaptic Pulse,,,,,,,,,,,,,Constitution ,Charisma,,,,,Medicine,,Harm,Heal
Winlas,Empyreal Lords,Lawful Good,Lawful Good,Neutral Good,Lawful Neutral,,,,,,Glyph, Knowledge, Protection, Vigil,,,,Mace,,1,Share Lore,2,Comprehend Language,4,Veil,,,,,,,,,,,,,Intelligence ,Wisdom,,,,,Occultism,,Heal,
Ylimancha,Empyreal Lords,Neutral Good,Lawful Good,Neutral Good,Chaotic Good,Neutral,,,,,Air, Nature, Travel, Water,,,,Longbow,,1,Feather Fall,3,Feet To Fins,4,Fly,,,,,,,,,,,,,Dexterity ,Wisdom,,,,,Acrobatics,,Heal,
Zohls,Empyreal Lords,Lawful Good,Lawful Good,Neutral Good,Lawful Neutral,,,,,,Ambition, Cities, Knowledge, Truth,,,,Heavy Crossbow,,1,Share Lore,3,Hypercognition,7,Retrocognition,,,,,,,,,,,,,Intelligence ,Wisdom,,,,,Society,,Heal,
Apollyon,Horsemen,Neutral Evil,Lawful Evil,Neutral Evil,Chaotic Evil,,,,,,Air, Decay, Plague, Swarm,,,,Scythe,,1,Goblin Pox,2,Vomit Swarm,5,Cloudkill,,,,,,,,,,,,,Strength ,Constitution,,,,,Medicine,,Harm,
Charon,Horsemen,Neutral Evil,Lawful Evil,Neutral Evil,Chaotic Evil,,,,,,Death, Knowledge, Soul, Water,,,,Staff,,1,Grim Tendrils,4,Crushing Despair,9,Weird,,,,,,,,,,,,,Constitution ,Intelligence,,,,,Occultism,,Harm,
Szuriel,Horsemen,Neutral Evil,Lawful Evil,Neutral Evil,Chaotic Evil,,,,,,Ambition, Destruction, Fire, Might,,,,Greatsword,,1,Burning Hands,3,Haste,4,Weapon Storm,,,,,,,,,,,,,Strength ,Constitution,,,,,Athletics,,Harm,
Trelmarixian,Horsemen,Neutral Evil,Lawful Evil,Neutral Evil,Chaotic Evil,,,,,,Decay, Dust, Earth, Nightmares,,,,Spiked Gauntlet,,1,Grease,2,Feast of Ashes,5,Acid Storm,,,,,,,,,,,,,Constitution ,Wisdom,,,,,Nature,,Harm,
Barzahk,Monitor Demigods,Neutral,Neutral Good,Neutral,Chaotic Neutral,,,,,,Death, Knowledge, Travel, Vigil,,,,Club,,1,Longstrider,2,Knock,6,Teleport,,,,,,,,,,,,,Constitution ,Wisdom,,,,,Survival,,Heal,
Imot,Monitor Demigods,Neutral,Lawful Neutral,Neutral,Neutral Evil,,,,,,Death, Destruction, Fate, Glyph,,,,Shield Boss,,1,Ill Omen,2,Paranoia,6,Phantasmal Calamity,,,,,,,,,,,,,Strength ,Intelligence,,,,,Occultism,,Harm,Heal
Kerkamoth,Monitor Demigods,Lawful Neutral,Lawful Neutral,Neutral,,,,,,,Darkness, Decay, Destruction, Void,,,,Warhammer,,1,Penumbral Shroud,5,Shadow Siphon,6,Disintegrate,,,,,,,,,,,,,Constitution ,Wisdom,,,,,Occultism,,Harm,Heal
Monad,Monitor Demigods,Neutral,Lawful Neutral,Neutral,,,,,,,Creation, Knowledge, Truth, Void,,,,Fist,,1,Unseen Servant,2,Spectral Hand,4,Gaseous Form,,,,,,,,,,,,,Intelligence ,Wisdom,,,,,Occultism,,Harm,Heal
Mother Vulture,Monitor Demigods,Neutral,Neutral Good,Neutral,Neutral Evil,,,,,,Change, Death, Decay, Nature,,,,Sickle,,1,Soothe,4,Aerial Form,6,Baleful Polymorph,,,,,,,,,,,,,Constitution ,Wisdom,,,,,Survival,,Heal,
Narakaas,Monitor Demigods,Neutral,Neutral Good,Lawful Neutral,Neutral,,,,,,Change, Death, Pain, Sorrow,,,,Greataxe,,1,Endure,2,Slough Skin,4,Modify Memory,,,,,,,,,,,,,Constitution ,Wisdom,,,,,Diplomacy,,Heal,
Narriseminek,Monitor Demigods,Chaotic Neutral,Chaotic Good,Chaotic Neutral,,,,,,,Delirium, Freedom, Knowledge, Perfection,,,,Hatchet,,1,Mindlink,4,Confusion,5,Synesthesia,,,,,,,,,,,,,Dexterity ,Wisdom,,,,,Occultism,,Harm,Heal
Otolmens,Monitor Demigods,Lawful Neutral,Lawful Good,Lawful Neutral,,,,,,,Creation, Fate, Knowledge, Perfection,,,,Mace,,1,True Strike,4,Gravity Well,7,Reverse Gravity,,,,,,,,,,,,,Dexterity ,Intelligence,,,,,Crafting,,Heal,
Saloc,Monitor Demigods,Neutral,Neutral Good,Neutral,Neutral Evil,,,,,,Change, Death, Freedom, Knowledge,,,,Guisarme,,1,Share Lore,3,Hypercognition,5,Dreaming Potential,,,,,,,,,,,,,Wisdom ,Charisma,,,,,Diplomacy,,Heal,
Valmallos,Monitor Demigods,Lawful Neutral,Lawful Good,Lawful Neutral,,,,,,,Fate, Glyph, Knowledge, Magic,,,,Kukri,,1,Mage Armor,6,Feeblemind,7,Contingency,,,,,,,,,,,,,Intelligence ,Wisdom,,,,,Arcana,,Harm,Heal
Ydajisk,Monitor Demigods,Chaotic Neutral,Chaotic Good,Chaotic Neutral,Chaotic Evil,,,,,,Change, Glyph, Knowledge, Trickery,,,,Jaws,Greatclub,1,Message Rune,2,Blistering Invective,4,Glibness,,,,,,,,,,,,,Intelligence ,Charisma,,,,,Society,,Harm,Heal
Azathoth,Outer Gods and Great Old Ones,Chaotic Neutral,Chaotic Neutral,Chaotic Evil,,,,,,,Decay, Destruction, Nightmares, Void,,,,Warhammer,,1,Ill Omen,5,Synaptic Pulse,9,Unfathomable Song,,,,,,,,,,,,,Constitution ,Charisma,,,,,Performance,,Harm,
Hastur,Outer Gods and Great Old Ones,Chaotic Evil,Neutral Evil,Chaotic Evil,,,,,,,Glyph, Secrecy, Void, Wealth,,,,Rapier,,1,Illusory Disguise,4,Confusion,5,Hallucination,,,,,,,,,,,,,Intelligence ,Charisma,,,,,Deception,,Harm,
Nhimbaloth,Outer Gods and Great Old Ones,Chaotic Evil,Chaotic Evil,,,,,,,,Decay, Nature, Undeath, Void,,,,Flail,,1,Grim Tendrils,2,Entangle,5,Cloudkill,,,,,,,,,,,,,Constitution ,Wisdom,,,,,Nature,,Harm,
Nyarlathotep,Outer Gods and Great Old Ones,Chaotic Evil,Neutral Evil,Chaotic Evil,,,,,,,Knowledge, Magic, Nightmares, Trickery,,,,Staff,,1,Message Rune,2,Humanoid Form,3,Enthrall,4,Suggestion,5,Summon Entity,6,Mislead,7,Project Image,8,Dream Council,9,Weird,Dexterity ,Intelligence,,,,,Arcana,,Harm,
Xhamen-Dor,Outer Gods and Great Old Ones,Neutral Evil,Neutral Evil,Chaotic Evil,,,,,,,Change, Decay, Dreams, Nature,,,,Spear,,1,Summon Plant Or Fungus,3,Wall of Thorns,7,Warp Mind,,,,,,,,,,,,,Constitution ,Wisdom,,,,,Nature,,Harm,
Yog-Sothoth,Outer Gods and Great Old Ones,Chaotic Neutral,Chaotic Neutral,Chaotic Evil,,,,,,,Knowledge, Time, Travel, Void,,,,Dagger,,1,Fleet Step,5,Black Tentacles,7,Time Beacon,,,,,,,,,,,,,Intelligence ,Charisma,,,,,Occultism,,Harm,
Dwarven Pantheon,Pantheons,Lawful Good,Lawful Good,Neutral Good,Lawful Neutral,Neutral,,,,,Creation, Duty, Family, Glyph, Protection, Wealth,,Warhammer,,1,Ant Haul,4,Creation,7,Retrocognition,,,,,,,,,,,,,Constitution ,Wisdom,,,,,Diplomacy,,Heal,
Elven Pantheon,Pantheons,Chaotic Good,Neutral Good,Chaotic Good,Chaotic Neutral,,,,,,Creation, Magic, Moon, Nature,,,,Longbow,Shortbow,1,Shillelagh,2,Shape Wood,5,Tree Stride,,,,,,,,,,,,,Dexterity ,Intelligence,,,,,Survival,,Heal,
The Godclaw,Pantheons,Lawful Neutral,Lawful Good,Lawful Neutral,Lawful Evil,,,,,,Duty, Perfection, Protection, Tyranny, Zeal,,,Morningstar,,1,Phantom Pain,4,Fire Shield,6,Dominate,,,,,,,,,,,,,Strength ,Intelligence,,,,,Society,,Harm,Heal
Ardad Lili,Queens of the Night,Lawful Evil,Lawful Neutral,Lawful Evil,Neutral Evil,,,,,,Creation, Darkness, Passion, Wyrmkin,,,,Dagger,,1,Charm,3,Enthrall,4,Suggestion,,,,,,,,,,,,,Intelligence ,Charisma,,,,,Diplomacy,,Harm,
Doloras,Queens of the Night,Lawful Evil,Lawful Evil,Neutral Evil,,,,,,,Creation, Pain, Repose, Sorrow,,,,Kukri,,1,Phantom Pain,3,Earthbind,5,Synaptic Pulse,,,,,,,,,,,,,Constitution ,Wisdom,,,,,Medicine,,Harm,
Eisheth,Queens of the Night,Lawful Evil,Lawful Evil,,,,,,,,Ambition, Destruction, Might, Zeal,,,,Longbow,,1,True Strike,3,Fireball,4,Dimension Door,,,,,,,,,,,,,Strength ,Dexterity,,,,,Intimidation,,Harm,
Mahathallah,Queens of the Night,Lawful Evil,Lawful Neutral,Lawful Evil,Neutral Evil,,,,,,Fate, Trickery, Truth, Undeath,,,,Bola,,1,Illusory Disguise,2,Misdirection,5,Illusory Scene,,,,,,,,,,,,,Wisdom ,Charisma,,,,,Deception,,Harm,
Alglenweis,Sarkorian Gods,Chaotic Good,Neutral Good,Neutral Good,Chaotic Neutral,,,,,,Cold, Creation, Might, Soul,,,,War Flail,,1,Agitate,4,Creation,5,Cone of Cold,,,,,,,,,,,,,Strength ,Wisdom,,,,,Nature,,Heal,
Stag Mother of the Forest of Stones,Sarkorian Gods,Neutral,Lawful Good,Neutral Good,Chaotic Good,Lawful Neutral,Neutral,Chaotic Neutral,Lawful Evil,Neutral Evil,Family, Healing, Nature, Pain,,,,Ranseur,,1,Phantom Pain,2,Animal Form (Bull Only: Appears As Stag),6,Flesh To Stone,,,,,,,,,,,,,Constitution ,Intelligence,,,,,Medicine,,Heal,
Sturovenen,Sarkorian Gods,Lawful Good,Lawful Good,Neutral Good,Lawful Neutral,,,,,,Air, Confidence, Passion, Sun,,,,Main-Gauche,,1,Charm,5,Cloak of Colors,6,Dragon Form,,,,,,,,,,,,,Dexterity ,Charisma,,,,,Diplomacy,,Heal,
Daikitsu,Tian Gods,Neutral,Neutral Good,Lawful Neutral,Neutral,Chaotic Neutral,,,,,Change, Creation, Family, Nature,,,,Flail,,1,Pest Form,2,Humanoid Form,5,Illusory Scene,,,,,,,,,,,,,Dexterity ,Intelligence,,,,,Crafting,,Heal,
Fumeiyoshi,Tian Gods,Neutral Evil,Lawful Evil,Neutral Evil,Chaotic Evil,,,,,,Ambition, Destruction, Earth, Undeath,,,,Naginata,,1,Grim Tendrils,2,Feast of Ashes,7,Possession,,,,,,,,,,,,,Constitution ,Charisma,,,,,Intimidation,,Harm,
General Susumu,Tian Gods,Lawful Evil,Lawful Neutral,Lawful Evil,,,,,,,Confidence, Destruction, Might, Zeal,,,,Longbow,,1,True Strike,2,Phantom Steed,3,Wall of Wind,,,,,,,,,,,,,Strength ,Dexterity,,,,,Athletics,,Harm,
Hei Feng,Tian Gods,Chaotic Neutral,Chaotic Good,Chaotic Neutral,Chaotic Evil,,,,,,Air, Destruction, Indulgence, Lightning, Travel, Water,,Nine-Ring Sword,,1,Gust of Wind,4,Hydraulic Torrent,6,Chain Lightning,,,,,,,,,,,,,Constitution ,Charisma,,,,,Performance,,Harm,Heal
Kofusachi,Tian Gods,Chaotic Good,Neutral Good,Chaotic Good,,,,,,,Luck, Passion, Travel, Wealth,,,,Staff,,1,Soothe,2,Hideous Laughter,8,Uncontrollable Dance,,,,,,,,,,,,,Dexterity ,Constitution,,,,,Performance,,Heal,
Lady Jingxi,Tian Gods,Neutral Good,Neutral Good,Neutral,,,,,,,Creation, Glyph, Knowledge, Repose,,,,Fighting Fan,,1,Sleep,2,Mirror Image,5,Chromatic Wall,,,,,,,,,,,,,Intelligence ,Wisdom,,,,,Performance,,Heal,
Lady Nanbyo,Tian Gods,Chaotic Evil,Neutral Evil,Chaotic Evil,,,,,,,Destruction, Fire, Plague, Water,,,,Warhammer,,1,Burning Hands,5,Control Water,6,Dragon Form,,,,,,,,,,,,,Strength ,Constitution,,,,,Nature,,Harm,
Lao Shu Po,Tian Gods,Neutral Evil,Neutral,Lawful Evil,Neutral Evil,Chaotic Evil,,,,,Darkness, Luck, Swarm, Trickery,,,,Dagger,,1,Summon Animal (Rodents Only),2,Knock,3,Nondetection,,,,,,,,,,,,,Dexterity ,Intelligence,,,,,Thievery,,Harm,
Nalinivati,Tian Gods,Neutral,Neutral Good,Lawful Neutral,Neutral,Neutral Evil,,,,,Glyph, Magic, Passion, Wyrmkin,,,,Jaws,Urumi,1,Charm,2,Invisibility,3,Lightning Bolt,4,Reflective Scales,5,Subconscious Suggestion,6,Mislead,7,Contingency,8,Scintillating Pattern,9,Storm of Vengeance,Wisdom ,Charisma,,,,,Arcana,,Harm,Heal
Qi Zhong,Tian Gods,Neutral Good,Lawful Good,Neutral Good,Chaotic Good,Neutral,,,,,Healing, Knowledge, Magic, Protection,,,,Heavy Mace,,1,Soothe,2,False Life,4,Resilient Sphere,,,,,,,,,,,,,Intelligence ,Wisdom,,,,,Medicine,,Heal,
Shizuru,Tian Gods,Lawful Good,Lawful Good,Neutral Good,Lawful Neutral,,,,,,Duty, Perfection, Sorrow, Sun, Vigil,,,Katana,,1,True Strike,4,Reflective Scales,5,Summon Dragon,,,,,,,,,,,,,Strength ,Wisdom,,,,,Society,,Heal,
Sun Wukong,Tian Gods,Chaotic Neutral,Chaotic Good,Chaotic Neutral,Chaotic Evil,,,,,,Indulgence, Might, Nature, Trickery,,,,Staff,,1,Jump,3,Mad Monkeys,4,Creation,,,,,,,,,,,,,Strength ,Charisma,,,,,Acrobatics,,Harm,Heal
Tsukiyo,Tian Gods,Lawful Good,Lawful Good,Neutral Good,Chaotic Good,Lawful Neutral,Neutral,,,,Change, Delirium, Moon, Repose, Soul,,,Spear,,1,Soothe,2,Mirror Image,5,Hallucination,,,,,,,,,,,,,Constitution ,Intelligence,,,,,Occultism,,Heal,
Yaezhing,Tian Gods,Lawful Evil,Lawful Evil,Neutral Evil,,,,,,,Death, Duty, Pain, Trickery,,,,Shuriken,,1,True Strike,2,Invisibility,6,Mislead,,,,,,,,,,,,,Dexterity ,Intelligence,,,,,Stealth,,Harm,
Yamatsumi,Tian Gods,Neutral,Neutral Good,Lawful Neutral,Neutral,Chaotic Neutral,,,,,Cold, Earth, Fire, Might,,,,Greatclub,,1,Shockwave,3,Shifting Sand,7,Volcanic Eruption,,,,,,,,,,,,,Strength ,Wisdom,,,,,Athletics,,Harm,Heal
Arundhat,Vudrani Gods,Neutral Good,Lawful Good,Neutral Good,Chaotic Good,Neutral,,,,,Healing, Magic, Nature, Protection,,,,Staff,,1,Shillelagh,3,Ghostly Weapon,4,Speak With Plants,,,,,,,,,,,,,Intelligence ,Wisdom,,,,,Nature,,Heal,
Ashukharma,Vudrani Gods,Chaotic Neutral,Chaotic Good,Neutral,Chaotic Neutral,,,,,,Earth, Might, Protection, Repose,,,,Greatsword,,1,Shattering Gem,4,Shape Stone,5,Wall of Stone,,,,,,,,,,,,,Constitution ,Intelligence,,,,,Crafting,,Harm,Heal
Chamidu,Vudrani Gods,Neutral,Neutral Good,Neutral,Neutral Evil,,,,,,Healing, Lightning, Nature, Nightmares,,,,Spear,,1,Summon Animal,3,Lightning Bolt,5,Moon Frenzy,,,,,,,,,,,,,Strength ,Constitution,,,,,Medicine,,Harm,Heal
Dhalavei,Vudrani Gods,Lawful Evil,Lawful Evil,Neutral Evil,,,,,,,Destruction, Knowledge, Secrecy, Trickery,,,,Temple Sword,,1,Fear,4,Glibness,6,Mislead,,,,,,,,,,,,,Strength ,Charisma,,,,,Deception,,Harm,Heal
Diomazul,Vudrani Gods,Lawful Evil,Lawful Neutral,Lawful Evil,,,,,,,Destruction, Earth, Water, Zeal,,,,Scimitar,,1,Phantom Pain,2,Slough Skin,4,Weapon Storm,,,,,,,,,,,,,Strength ,Dexterity,,,,,Athletics,,Harm,Heal
Gruhastha,Vudrani Gods,Lawful Good,Lawful Good,Neutral Good,,,,,,,Glyph, Knowledge, Nature, Perfection, Travel, Truth,,Shortbow,,1,Share Lore,2,Comprehend Language,3,Hypercognition,,,,,,,,,,,,,Intelligence ,Wisdom,,,,,Society,,Heal,
Lahkgya,Vudrani Gods,Chaotic Evil,Chaotic Evil,,,,,,,,Indulgence, Nature, Swarm, Trickery,,,,Jaws,Battle Axe,1,Fleet Step,3,Mad Monkeys,4,Confusion,,,,,,,,,,,,,Dexterity ,Intelligence,,,,,Thievery,,Harm,
Likha,Vudrani Gods,Neutral,Neutral Good,Lawful Neutral,Neutral,Chaotic Neutral,,,,,Creation, Knowledge, Passion, Sorrow,,,,Hatchet,,1,Illusory Disguise,3,Enthrall,5,Illusory Scene,,,,,,,,,,,,,Intelligence ,Charisma,,,,,Performance,,Harm,Heal
Matravash,Vudrani Gods,Lawful Neutral,Lawful Good,Lawful Neutral,Neutral,,,,,,Cities, Nature, Travel, Water,,,,Whip,,1,Share Lore,3,Slow,4,Speak With Plants,,,,,,,,,,,,,Constitution ,Wisdom,,,,,Survival,,Heal,
Ragdya,Vudrani Gods,Neutral,Neutral Good,Lawful Neutral,Neutral,Chaotic Neutral,,,,,Air, Confidence, Might, Perfection,,,,Mace,,1,Shockwave,3,Mad Monkeys,4,Gaseous Form,,,,,,,,,,,,,Dexterity ,Wisdom,,,,,Acrobatics,,Heal,
Raumya,Vudrani Gods,Neutral Evil,Neutral Good,Neutral,Lawful Evil,Neutral Evil,,,,,Confidence, Knowledge, Might, Wealth,,,,Trident,,1,True Strike,2,Invisibility,4,Weapon Storm,,,,,,,,,,,,,Strength ,Charisma,,,,,Performance,,Harm,Heal
