name,_className,activities/0/_className,activities/0/actions,activities/0/activationType,activities/0/castSpells/0/_className,activities/0/castSpells/0/duration,activities/0/castSpells/0/level,activities/0/castSpells/0/name,activities/0/cooldown,activities/0/desc,activities/0/frequency,activities/0/gainConditions/0/_className,activities/0/gainConditions/0/duration,activities/0/gainConditions/0/name,activities/0/gainConditions/0/source,activities/0/name,activities/0/resonant,activities/0/source,activities/0/toggle,activities/0/traits/0,activities/0/traits/1,activities/0/traits/2,activities/0/traits/3,activities/0/trigger,activities/1/_className,activities/1/actions,activities/1/activationType,activities/1/castSpells/0/_className,activities/1/castSpells/0/duration,activities/1/castSpells/0/level,activities/1/castSpells/0/name,activities/1/desc,activities/1/name,activities/1/source,activities/1/toggle,activities/1/traits/0,activities/1/traits/1,activities/1/traits/2,activities/1/traits/3,bulk,data/0/name,data/0/value,data/1/name,data/1/value,data/2/name,data/2/value,desc,effects/0/_className,effects/0/affected,effects/0/type,effects/0/value,effects/1/_className,effects/1/affected,effects/1/type,effects/1/value,gainItems/0/_className,gainItems/0/name,gainItems/0/type,hide,hint,id,isAeonStone,isDoublingRings,isHandwrapsOfMightyBlows,isWayfinder,level,moddable,potencyRune,price,showon,strikingRune,subType,subTypeDesc,traits/0,traits/1,traits/2,traits/3,usage
Horseshoes of Speed,WornItem,,,,,,,,,,,,,,,,,,,,,,,,,,,,,,,,,,,,,,,1,,,,,,,"When you affix these simple iron horseshoes to the hooves of an ordinary horse or a quadrupedal animal companion and the animal companion invests them, that creature gains a +5-foot item bonus to its land Speed and a +2 item bonus to Athletics checks to High Jump and Long Jump. In addition, when it Leaps, it can move 5 feet farther if jumping horizontally or 3 feet higher if jumping vertically.",EffectGain,Land Speed,item,5,,,,,,,,,"Your animal companion gains a +2 item bonus to Athletics checks to High Jump and Long Jump. When it Leaps, it can move 5 feet farther if jumping horizontally or 3 feet higher if jumping vertically.",a55f6c9e-9a05-11ea-bb37-0242ac130002,,,,,7,,,34000,Athletics,,,,Companion,Invested,Primal,Transmutation,worn horseshoes
Collar of Inconspicuousness,WornItem,ItemActivity,1,Envision,SpellCast,-1,2,Pest Form,,"You touch your animal companion to transform it into a nonthreatening Tiny creature of the same family or a similar creature (for instance, a house cat instead of a tiger, or a puppy instead of a wolf). This has the effects of pest form (2nd level, or 4th level if your companion can fly). The effect lasts until you Dismiss it.",,,,,,Pest Form,,a55f7068-9a05-11ea-bb37-0242ac130002,TRUE,Companion,Invested,Primal,Transmutation,,ItemActivity,1,Envision,SpellCast,-1,4,Pest Form,"You touch your animal companion to transform it into a nonthreatening Tiny creature of the same family or a similar creature (for instance, a house cat instead of a tiger, or a puppy instead of a wolf). This has the effects of pest form (2nd level, or 4th level if your companion can fly). The effect lasts until you Dismiss it.",Pest Form (Flying),a55f7068-9a05-11ea-bb37-0242ac130002,TRUE,Companion,Invested,Primal,Transmutation,1,,,,,,,"This leather collar’s worn and almost threadbare look belies its magical nature. When your companion wears and invests the collar, it gains the ability to change its appearance from that of a ferocious animal into a more inconspicuous form.",,,,,,,,,,,,,,a55f7068-9a05-11ea-bb37-0242ac130002,,,,,8,,,47500,,,,,Companion,Invested,Primal,Transmutation,worn collar
Collar of Empathy,WornItem,,,,,,,,,,,,,,,,,,,,,,,,,,,,,,,,,,,,,,,1,,,,,,,"This ornate collar of intertwined leather strips of contrasting colors is paired with a bracelet of a similar construction. When you wear and invest the bracelet and your companion wears and invests the collar, you gain a stronger connection to each other. You and your companion can always sense each others’ emotional states and basic physical wants and needs.",,,,,,,,,ItemGain,Bracelet of Empathy,wornitems,,,a55f7176-9a05-11ea-bb37-0242ac130002,,,,,9,,,60000,,,,,Companion,Divination,Invested,Primal,worn collar
Bracelet of Empathy,WornItem,ItemActivity,2,Interact,,,,,,"You perceive through your animal companion’s senses instead of your own. You can Sustain the Activation. You are unaware of your own surroundings for as long as you are using your animal companion’s senses. In addition to the obvious use when you are separated from your companion, this ability might allow you to notice sounds, scents, and other stimuli that your companion’s senses register but yours alone don’t.",,ConditionGain,-1,Collar of Empathy,Bracelet of Empathy,Bracelet of Empathy,,def56a5a-92b9-4edb-94a1-1379f2acd1c1,TRUE,Invested,Primal,Transmutation,,,,,,,,,,,,,,,,,,,,,,,,,"This ornate bracelet of intertwined leather strips of contrasting colors comes with the Collar of Empathy. When you wear and invest the bracelet and your companion wears and invests the collar, you gain a stronger connection to each other. You and your companion can always sense each others’ emotional states and basic physical wants and needs.",,,,,,,,,,,,TRUE,,def56a5a-92b9-4edb-94a1-1379f2acd1c1,,,,,9,,,,,,,,Divination,Invested,Primal,,worn bracelet
Barding of the Zephyr,WornItem,ItemActivity,2,Interact,,,,,144000,"You trace a finger along the wind motifs on the barding, granting your companion wearing the barding a fly Speed of 30 feet for 10 minutes. Even if the companion doesn't have the mount special ability, it can still Fly while being ridden.",once per day,ConditionGain,1000,Barding of the Zephyr,Barding of the Zephyr,Barding of the Zephyr,,89c3c5a8-8e09-11ea-9fab-e92c63c14723,,Companion,Invested,Primal,Transmutation,,ItemActivity,Free,Automatic,SpellCast,,,Feather Fall,"When your companion falls, wind picks it up from below; it gains the effects of feather fall.",Barding of the Zephyr: Feather Fall,89c3c5a8-8e09-11ea-9fab-e92c63c14723,,Companion,Invested,Primal,Transmutation,L,,,,,,,"This light barding is covered in stylized wind motifs. When you suit up your animal companion, the barding adjusts to fit your animal companion regardless of its shape.

When your companion falls, wind picks it up from below; it gains the effects of feather fall.",,,,,,,,,,,,,,89c3c5a8-8e09-11ea-9fab-e92c63c14723,,,,,10,,,90000,,,,,Companion,Invested,Primal,Transmutation,worn barding
Horseshoes of Speed (Greater),WornItem,,,,,,,,,,,,,,,,,,,,,,,,,,,,,,,,,,,,,,,1,,,,,,,"When you affix these simple iron horseshoes to the hooves of an ordinary horse or a quadrupedal animal companion and the animal companion invests them, that creature gains a +5-foot item bonus to its land Speed and a +2 item bonus to Athletics checks to High Jump and Long Jump. In addition, when it Leaps, it can move 5 feet farther if jumping horizontally or 3 feet higher if jumping vertically.",EffectGain,Land Speed,item,10,,,,,,,,,"Your animal companion gains a +3 item bonus to Athletics checks to High Jump and Long Jump. When it Leaps, it can move 5 feet farther if jumping horizontally or 3 feet higher if jumping vertically.",a55f74b4-9a05-11ea-bb37-0242ac130002,,,,,14,,,425000,Athletics,,,,Companion,Invested,Primal,Transmutation,worn horseshoes
Aeon Stone (Dull Gray),WornItem,,,,,,,,,,,,,,,,,,,,,,,,,,,,,,,,,,,,,,,,,,,,,,,,,,,,,,,,,,,,a55f7590-9a05-11ea-bb37-0242ac130002,,,,,1,,,900,,,,,,,,,
Necklace of Knives,WornItem,,,,,,,,,,,,,,,,,,,,,,,,,,,,,,,,,,,,,,,,,,,,,,,,,,,,,,,,,,,,a55f764e-9a05-11ea-bb37-0242ac130002,,,,,2,,,2500,,,,,,,,,
Wayfinder,WornItem,ItemActivity,1,Command,SpellCast,,1,Light,,The wayfinder is targeted by a 1st-level light spell.,,,,,,Wayfinder,,4c5d0fa0-fb67-4e5a-80af-dd450eba7cf4,,Uncommon,Evocation,Invested,Magical,,,,,,,,,,,,,,,,,,,,,,,,"This compact compass repurposes ancient technology to draw fantastic powers from the mysterious magical items called aeon stones. It serves as a badge of office for agents of the Pathfinder Society and as a status symbol among adventurers of any stripe. A wayfinder functions as a compass.

An indentation in the middle of the wayfinder can hold a single aeon stone. Placing an aeon stone in this indentation provides you all the benefits of having the aeon stone orbiting your head, but it protects the stone from being noticed or stolen as easily. You invest a wayfinder and the aeon stone within it simultaneously, and they count as only one item toward your investiture limit. An invested aeon stone slotted in a wayfinder also grants its resonant power.

If you have more than one wayfinder with an invested aeon stone on your person at a given time, destructive interference from their resonance prevents you from gaining benefits from any of them. You can still benefit from additional aeon stones orbiting your head, just not in wayfinders.

All Pathfinders have access.",,,,,,,,,,,,,,4c5d0fa0-fb67-4e5a-80af-dd450eba7cf4,,,,1,2,,,2800,,,,,Uncommon,Evocation,Invested,Magical,worn
Brooch of Shielding,WornItem,,,,,,,,,,,,,,,,,,,,,,,,,,,,,,,,,,,,,,,,,,,,,,,,,,,,,,,,,,,,a55f77ca-9a05-11ea-bb37-0242ac130002,,,,,2,,,3000,,,,,,,,,
Hand of the Mage,WornItem,,,,,,,,,,,,,,,,,,,,,,,,,,,,,,,,,,,,,,,L,,,,,,,,,,,,,,,,,,,,,a55f787e-9a05-11ea-bb37-0242ac130002,,,,,2,,,3000,,,,,,,,,
Hat of Disguise,WornItem,,,,,,,,,,,,,,,,,,,,,,,,,,,,,,,,,,,,,,,,,,,,,,,,,,,,,,,,,,,,a55f7a86-9a05-11ea-bb37-0242ac130002,,,,,2,,,3000,,,,,,,,,
Archaic Wayfinder,WornItem,,,,,,,,,,,,,,,,,,,,,,,,,,,,,,,,,,,,,,,,,,,,,,,,,,,,,,,,,,,,a55f7b4e-9a05-11ea-bb37-0242ac130002,,,,,2,,,3000,,,,,,,,,
Handwraps of Mighty Blows,WornItem,,,,,,,,,,,,,,,,,,,,,,,,,,,,,,,,,,,,,,,,,,,,,,"As you invest these embroidered strips of cloth, you must meditate and slowly wrap them around your hands. These handwraps have weapon runes etched into them to give your unarmed attacks the benefits of those runes, making your unarmed attacks work like magic weapons. For example, +1 striking handwraps of mighty blows would give you a +1 item bonus to attack rolls with your unarmed attacks and increase the damage of your unarmed attacks from one weapon die to two (normally 2d4 instead of 1d4, but if your fists have a different weapon damage die or you have other unarmed attacks, use two of that die size instead).

You can upgrade, add, and transfer runes to and from the handwraps just as you would for a weapon, and you can attach talismans to the handwraps. Treat the handwraps as melee weapons of the brawling group with light Bulk for these purposes. Property runes apply only when they would be applicable to the unarmed attack you're using. For example, a property that must be applied to a slashing weapon wouldn't function when you attacked with a fist, but you would gain its benefits if you attacked with a claw or some other slashing unarmed attack.",,,,,,,,,,,,,,89c3c5a2-8e09-11ea-9fab-e92c63c14723,,,TRUE,,2,weapon,1,3500,,,,,Invested,Magical,Transmutation,,worn gloves
Manacles of Persuasion,WornItem,,,,,,,,,,,,,,,,,,,,,,,,,,,,,,,,,,,,,,,1,,,,,,,,,,,,,,,,,,,,,a55f7cd4-9a05-11ea-bb37-0242ac130002,,,,,3,,,4500,,,,,,,,,
Doubling Rings,WornItem,,,,,,,,,,,,,,,,,,,,,,,,,,,,,,,,,,,,,,,,gold,,iron,,propertyRunes,FALSE,"This item consists of two magically linked rings: an intricate, gleaming golden ring with a square-cut ruby, and a thick, plain iron ring. When you wield a melee weapon in the hand wearing the golden ring, the weapon's fundamental runes are replicated onto any melee weapon you wield in the hand wearing the iron ring. (The fundamental runes are weapon potency and striking, which add an item bonus to attack rolls and extra weapon damage dice, respectively.) Any fundamental runes on the weapon in the hand wearing the iron ring are suppressed.

The replication functions only if you wear both rings, and it ends as soon as you cease wielding a melee weapon in one of your hands. Consequently, the benefit doesn't apply to thrown attacks or if you're holding a weapon but not wielding it (such as holding in one hand a weapon that requires two hands to wield).",,,,,,,,,,,,,,89c3ecb6-8e09-11ea-9fab-e92c63c14723,,Doubling Rings,,,3,,,5000,,,,,Evocation,Invested,Magical,,worn
Hat of the Magi,WornItem,,,,,,,,,,,,,,,,,,,,,,,,,,,,,,,,,,,,,,,,,,,,,,,,,,,,,,,,,,,,a55f7ec8-9a05-11ea-bb37-0242ac130002,,,,,3,,,5000,,,,,,,,,
Persona Mask,WornItem,,,,,,,,,,,,,,,,,,,,,,,,,,,,,,,,,,,,,,,,,,,,,,,,,,,,,,,,,,,,a55f7fa4-9a05-11ea-bb37-0242ac130002,,,,,3,,,5000,,,,,,,,,
Bracers of Missile Deflection,WornItem,,,,,,,,,,,,,,,,,,,,,,,,,,,,,,,,,,,,,,,L,,,,,,,,,,,,,,,,,,,,,a55f8198-9a05-11ea-bb37-0242ac130002,,,,,3,,,5200,,,,,,,,,
Golden Legion Epaulet,WornItem,,,,,,,,,,,,,,,,,,,,,,,,,,,,,,,,,,,,,,,L,,,,,,,,,,,,,,,,,,,,,a55f826a-9a05-11ea-bb37-0242ac130002,,,,,3,,,5500,,,,,,,,,
Channel Protection Amulet,WornItem,,,,,,,,,,,,,,,,,,,,,,,,,,,,,,,,,,,,,,,,,,,,,,,,,,,,,,,,,,,,a55f8328-9a05-11ea-bb37-0242ac130002,,,,,3,,,5600,,,,,,,,,
Bracelets of Dashing,WornItem,ItemActivity,1,Command,,,,,144000,You gain a +10-foot status bonus to Speed for 1 minute.,once per day,,100,Bracelets of Dashing,,Bracelets of Dashing,,88de530a-913b-11ea-bb37-0242ac130002,,Invested,Magical,Transmutation,,,,,,,,,,,,,,,,,,L,,,,,,,"This jangling, silvery bracelet makes you lighter on your feet, giving you a +1 item bonus to Acrobatics checks.",,Acrobatics,item,1,,,,,,,,,,88de530a-913b-11ea-bb37-0242ac130002,,,,,3,,,5800,,,,,Invested,Magical,Transmutation,,worn
Coyote Cloak,WornItem,,,,,,,,,,,,,,,,,,,,,,,,,,,,,,,,,,,,,,,,,,,,,,,,,,,,,,,,,,,,a55f84ae-9a05-11ea-bb37-0242ac130002,,,,,3,,,6000,,,,,,,,,
Crafter's Eyepiece,WornItem,,,,,,,,,,,,,,,,,,,,,,,,,,,,,,,,,,,,,,,,,,,,,,,,,,,,,,,,,,,,a55f856c-9a05-11ea-bb37-0242ac130002,,,,,3,,,6000,,,,,,,,,
Dancing Scarf,WornItem,,,,,,,,,,,,,,,,,,,,,,,,,,,,,,,,,,,,,,,,,,,,,,,,,,,,,,,,,,,,a55f87d8-9a05-11ea-bb37-0242ac130002,,,,,3,,,6000,,,,,,,,,
Pendant of the Occult,WornItem,,,,,,,,,,,,,,,,,,,,,,,,,,,,,,,,,,,,,,,,,,,,,,,,,,,,,,,,,,,,a55f88aa-9a05-11ea-bb37-0242ac130002,,,,,3,,,6000,,,,,,,,,
Tracker's Goggles,WornItem,,,,,,,,,,,,,,,,,,,,,,,,,,,,,,,,,,,,,,,,,,,,,,,,,,,,,,,,,,,,a55f897c-9a05-11ea-bb37-0242ac130002,,,,,3,,,6000,,,,,,,,,
Ventriloquist's Ring,WornItem,,,,,,,,,,,,,,,,,,,,,,,,,,,,,,,,,,,,,,,,,,,,,,,,,,,,,,,,,,,,a55f8a44-9a05-11ea-bb37-0242ac130002,,,,,3,,,6000,,,,,,,,,
Wayfinder of Rescue,WornItem,,,,,,,,,,,,,,,,,,,,,,,,,,,,,,,,,,,,,,,,,,,,,,,,,,,,,,,,,,,,a55f8b0c-9a05-11ea-bb37-0242ac130002,,,,,4,,,8000,,,,,,,,,
Healer's Gloves,WornItem,,,,,,,,,,,,,,,,,,,,,,,,,,,,,,,,,,,,,,,L,,,,,,,,,,,,,,,,,,,,,a55f8bc0-9a05-11ea-bb37-0242ac130002,,,,,4,,,8000,,,,,,,,,
Lifting Belt,WornItem,ItemActivity,2,Interact,,,,,,"You lift an object of up to 8 Bulk as though it were weightless. This requires two hands, and if the object is locked or otherwise held in place, you can attempt to Force it Open using Athletics as part of this activation. The object still has its full weight and Bulk for all other purposesyou just ignore that weight. The effect lasts until the end of your next turn.",,,,,,Lifting Belt,,89c3ecb3-8e09-11ea-9fab-e92c63c14723,,Invested,Magical,Transmutation,,,,,,,,,,,,,,,,,,L,,,,,,,"This wide leather belt grants you a +1 item bonus to Athletics checks and increases the amount you can easily carry. You can carry Bulk equal to 6 + your Strength modifier before becoming encumbered, and you can hold and carry a total Bulk up to 11 + your Strength modifier.",EffectGain,Athletics,item,1,EffectGain,Max Bulk,item,1,,,,,,89c3ecb3-8e09-11ea-9fab-e92c63c14723,,,,,4,,,8000,,,,,Invested,Magical,Transmutation,,worn belt
Hunter's Arrowhead,WornItem,,,,,,,,,,,,,,,,,,,,,,,,,,,,,,,,,,,,,,,,,,,,,,,,,,,,,,,,,,,,a55f9318-9a05-11ea-bb37-0242ac130002,,,,,4,,,8000,,,,,,,,,
Demon Mask,WornItem,ItemActivity,2,Interact,SpellCast,,,Fear,144000,The mask casts a fear spell with a DC of 20.,once per day,,,,,Demon Mask,,01adbda8-9131-11ea-bb37-0242ac130002,,Enchantment,Invested,Magical,,You attempt to Pick a Lock but haven't rolled yet,,,,,,,,,,,,,,,,L,,,,,,,This terrifying mask is crafted in the visage of a leering demon and grants a +1 item bonus to Intimidation checks.,EffectGain,Intimidation,item,1,,,,,,,,,,01adbda8-9131-11ea-bb37-0242ac130002,,,,,4,,,8500,,,,,Enchantment,Invested,Magical,,worn mask
Cloak of Repute,WornItem,,,,,,,,,,,,,,,,,,,,,,,,,,,,,,,,,,,,,,,1,,,,,,,,,,,,,,,,,,,,,a55f94b2-9a05-11ea-bb37-0242ac130002,,,,,4,,,9000,,,,,,,,,
Alchemist Goggles,WornItem,,,,,,,,,,,,,,,,,,,,,,,,,,,,,,,,,,,,,,,,,,,,,,,,,,,,,,,,,,,,a55f9692-9a05-11ea-bb37-0242ac130002,,,,,4,,,10000,,,,,,,,,
Handwraps of Mighty Blows,WornItem,,,,,,,,,,,,,,,,,,,,,,,,,,,,,,,,,,,,,,,,,,,,,,"As you invest these embroidered strips of cloth, you must meditate and slowly wrap them around your hands. These handwraps have weapon runes etched into them to give your unarmed attacks the benefits of those runes, making your unarmed attacks work like magic weapons. For example, +1 striking handwraps of mighty blows would give you a +1 item bonus to attack rolls with your unarmed attacks and increase the damage of your unarmed attacks from one weapon die to two (normally 2d4 instead of 1d4, but if your fists have a different weapon damage die or you have other unarmed attacks, use two of that die size instead).

You can upgrade, add, and transfer runes to and from the handwraps just as you would for a weapon, and you can attach talismans to the handwraps. Treat the handwraps as melee weapons of the brawling group with light Bulk for these purposes. Property runes apply only when they would be applicable to the unarmed attack you're using. For example, a property that must be applied to a slashing weapon wouldn't function when you attacked with a fist, but you would gain its benefits if you attacked with a claw or some other slashing unarmed attack.",,,,,,,,,,,,,,89c3c5a5-8e09-11ea-9fab-e92c63c14723,,,TRUE,,4,weapon,1,10000,,1,,,Invested,Magical,Transmutation,,worn gloves
Shining Wayfinder,WornItem,,,,,,,,,,,,,,,,,,,,,,,,,,,,,,,,,,,,,,,,,,,,,,,,,,,,,,,,,,,,a55f9836-9a05-11ea-bb37-0242ac130002,,,,,4,,,10000,,,,,,,,,
Arcane Scroll Case of Simplicity,WornItem,,,,,,,,,,,,,,,,,,,,,,,,,,,,,,,,,,,,,,,,,,,,,,,,,,,,,,,,,,,,a55f9aa2-9a05-11ea-bb37-0242ac130002,,,,,4,,,10000,,,,,,,,,
Divine Scroll Case of Simplicity,WornItem,,,,,,,,,,,,,,,,,,,,,,,,,,,,,,,,,,,,,,,,,,,,,,,,,,,,,,,,,,,,a55f9b60-9a05-11ea-bb37-0242ac130002,,,,,4,,,10000,,,,,,,,,
Occult Scroll Case of Simplicity,WornItem,,,,,,,,,,,,,,,,,,,,,,,,,,,,,,,,,,,,,,,,,,,,,,,,,,,,,,,,,,,,a55f9c28-9a05-11ea-bb37-0242ac130002,,,,,4,,,10000,,,,,,,,,
Primal Scroll Case of Simplicity,WornItem,,,,,,,,,,,,,,,,,,,,,,,,,,,,,,,,,,,,,,,,,,,,,,,,,,,,,,,,,,,,a55f9ce6-9a05-11ea-bb37-0242ac130002,,,,,4,,,10000,,,,,,,,,
Necklace of Fireballs I,WornItem,,,,,,,,,,,,,,,,,,,,,,,,,,,,,,,,,,,,,,,,,,,,,,,,,,,,,,,,,,,,a55f9da4-9a05-11ea-bb37-0242ac130002,,,,,5,,,4400,,,,,,,,,
Diplomat's Badge,WornItem,,,,,,,,,,,,,,,,,,,,,,,,,,,,,,,,,,,,,,,,,,,,,,,,,,,,,,,,,,,,a55f9e58-9a05-11ea-bb37-0242ac130002,,,,,5,,,12500,,,,,,,,,
Boots of Elvenkind,WornItem,,,,,,,,,,,,,,,,,,,,,,,,,,,,,,,,,,,,,,,L,,,,,,,,,,,,,,,,,,,,,a55fa02e-9a05-11ea-bb37-0242ac130002,,,,,5,,,14500,,,,,,,,,
Goggles of Night,WornItem,,,,,,,,,,,,,,,,,,,,,,,,,,,,,,,,,,,,,,,,,,,,,,,,,,,,,,,,,,,,a55fa0ec-9a05-11ea-bb37-0242ac130002,,,,,5,,,15000,,,,,,,,,
Vanishing Wayfinder,WornItem,,,,,,,,,,,,,,,,,,,,,,,,,,,,,,,,,,,,,,,,,,,,,,,,,,,,,,,,,,,,a55fa1aa-9a05-11ea-bb37-0242ac130002,,,,,5,,,15000,,,,,,,,,
Bort's Blessing,WornItem,,,,,,,,,,,,,,,,,,,,,,,,,,,,,,,,,,,,,,,,,,,,,,,,,,,,,,,,,,,,a55fa268-9a05-11ea-bb37-0242ac130002,,,,,5,,,16000,,,,,,,,,
Merchant's Guile,WornItem,,,,,,,,,,,,,,,,,,,,,,,,,,,,,,,,,,,,,,,,,,,,,,,,,,,,,,,,,,,,a55fa326-9a05-11ea-bb37-0242ac130002,,,,,5,,,16000,,,,,,,,,
Ring of Minor Arcana,WornItem,,,,,,,,,,,,,,,,,,,,,,,,,,,,,,,,,,,,,,,,,,,,,,,,,,,,,,,,,,,,a55fa59c-9a05-11ea-bb37-0242ac130002,,,,,5,,,16000,,,,,,,,,
Ring of the Weary Traveler,WornItem,,,,,,,,,,,,,,,,,,,,,,,,,,,,,,,,,,,,,,,,,,,,,,,,,,,,,,,,,,,,a55fa6a0-9a05-11ea-bb37-0242ac130002,,,,,5,,,16000,,,,,,,,,
Stalwart's Ring,WornItem,,,,,,,,,,,,,,,,,,,,,,,,,,,,,,,,,,,,,,,,,,,,,,,,,,,,,,,,,,,,a55fa768-9a05-11ea-bb37-0242ac130002,,,,,5,,,16000,,,,,,,,,
Warrior's Training Ring,WornItem,,,,,,,,,,,,,,,,,,,,,,,,,,,,,,,,,,,,,,,,,,,,,,,,,,,,,,,,,,,,a55fa81c-9a05-11ea-bb37-0242ac130002,,,,,5,,,16000,,,,,,,,,
Choker of Elocution,WornItem,,,,,,,,,,,,,,,,,,,,,,,,,,,,,,,,,,,,,,,L,,,,,,,,,,,,,,,,,,,,,a55fa8da-9a05-11ea-bb37-0242ac130002,,,,,6,,,20000,,,,,,,,,
Bi-Resonant Wayfinder,WornItem,,,,,,,,,,,,,,,,,,,,,,,,,,,,,,,,,,,,,,,,,,,,,,,,,,,,,,,,,,,,a55fa998-9a05-11ea-bb37-0242ac130002,,,,,6,,,20000,,,,,,,,,
Pathfinder's Pouch,WornItem,,,,,,,,,,,,,,,,,,,,,,,,,,,,,,,,,,,,,,,L,,,,,,,,,,,,,,,,,,,,,a55faa56-9a05-11ea-bb37-0242ac130002,,,,,6,,,20000,,,,,,,,,
Ring of the Ram,WornItem,,,,,,,,,,,,,,,,,,,,,,,,,,,,,,,,,,,,,,,,,,,,,,,,,,,,,,,,,,,,a55fac36-9a05-11ea-bb37-0242ac130002,,,,,6,,,22000,,,,,,,,,
Bellflower Toolbelt,WornItem,,,,,,,,,,,,,,,,,,,,,,,,,,,,,,,,,,,,,,,1,,,,,,,,,,,,,,,,,,,,,a55facfe-9a05-11ea-bb37-0242ac130002,,,,,6,,,22000,,,,,,,,,
Aeon Stone (Gold Nodule),WornItem,,,,,,,,,,,,,,,,,,,,,,,,,,,,,,,,,,,,,,,,,,,,,,,,,,,,,,,,,,,,a55fadbc-9a05-11ea-bb37-0242ac130002,,,,,6,,,23000,,,,,,,,,
Clandestine Cloak,WornItem,,,,,,,,,,,,,,,,,,,,,,,,,,,,,,,,,,,,,,,L,,,,,,,,,,,,,,,,,,,,,a55fae84-9a05-11ea-bb37-0242ac130002,,,,,6,,,23000,,,,,,,,,
Ring of Energy Resistance,WornItem,,,,,,,,,,,,,,,,,,,,,,,,,,,,,,,,,,,,,,,,,,,,,,,,,,,,,,,,,,,,a55faf38-9a05-11ea-bb37-0242ac130002,,,,,6,,,24500,,,,,,,,,
Necklace of Fireballs II,WornItem,,,,,,,,,,,,,,,,,,,,,,,,,,,,,,,,,,,,,,,,,,,,,,,,,,,,,,,,,,,,a55fb14a-9a05-11ea-bb37-0242ac130002,,,,,7,,,11500,,,,,,,,,
Unmemorable Mantle,WornItem,,,,,,,,,,,,,,,,,,,,,,,,,,,,,,,,,,,,,,,1,,,,,,,,,,,,,,,,,,,,,a55fb21c-9a05-11ea-bb37-0242ac130002,,,,,7,,,30000,,,,,,,,,
Aeon Stone (Clear Spindle),WornItem,ItemActivity,Reaction,,SpellCast,,0,Air Bubble,144000,The resonant power allows you to cast air bubble as a primal innate spell once per day. ,,,,,,Air Bubble,TRUE,046845de-4cb0-411a-9f6e-85a669e5e12b,,Uncommon,Invested,Magical,Transmutation,,,,,,,,,,,,,,,,,,,,,,,,"You don’t need to eat or drink while this aeon stone is invested by you. This aeon stone doesn’t function until it has been worn continuously for a week and invested each day therein. If it’s invested by someone else, this interval starts over.",,,,,,,,,,,,,"You don’t need to eat or drink while the clear spindle aeon stone is invested by you. This aeon stone doesn’t function until it has been worn continuously for a week and invested each day therein. If it’s invested by someone else, this interval starts over.",046845de-4cb0-411a-9f6e-85a669e5e12b,TRUE,,,,7,,,32500,Health,,,,Uncommon,Invested,Magical,Transmutation,worn
Ring of Sustenance,WornItem,,,,,,,,,,,,,,,,,,,,,,,,,,,,,,,,,,,,,,,,,,,,,,"This polished wooden ring constantly refreshes your body and mind. You don't need to eat or drink while wearing it, and you need only 2 hours of sleep per day to gain the benefits of 8 hours of sleep. A ring of sustenance doesn't function until it's been worn and invested continuously for a week. Removing it resets this interval.",,,,,,,,,,,,,"You don't need to eat or drink while wearing the Ring of Sustenance, and you need only 2 hours of sleep per day to gain the benefits of 8 hours of sleep. A ring of sustenance doesn't function until it's been worn and invested continuously for a week. Removing it resets this interval.",89c3ecbc-8e09-11ea-9fab-e92c63c14723,,,,,7,,,32500,Health,,,,Uncommon,Conjuration,Invested,Magical,worn
Slippers of Spider Climbing,WornItem,ItemActivity,,Command,,,,,6000,"Tiny, hairlike tendrils extend from the slippers' soles, allowing you to walk on vertical surfaces or even to move upside down along ceilings. For 1 minute, you gain a 20-foot climb Speed and you don't need to use your hands to Climb. However, the slippers require decent traction for you to walk on a wall, so they provide no benefit when you're moving across greased, icy, or oiled surfaces.",once per hour,ConditionGain,100,Slippers of Spider Climbing,Slippers of Spider Climbing,Slippers of Spider Climbing,,89c3ecbf-8e09-11ea-9fab-e92c63c14723,,Invested,Magical,Transmutation,,,,,,,,,,,,,,,,,,L,,,,,,,"These soft slippers are made of fine gray silk. If the slippers are left unattended for a while, they tend to attract spiders that nest inside.",,,,,,,,,,,,,,89c3ecbf-8e09-11ea-9fab-e92c63c14723,,,,,7,,,32500,,,,,Invested,Magical,Transmutation,,worn shoes
Boots of Bounding,WornItem,,,,,,,,,,,,,,,,,,,,,,,,,,,,,,,,,,,,,,,L,,,,,,,,,,,,,,,,,,,,,a55fb51e-9a05-11ea-bb37-0242ac130002,,,,,7,,,34000,,,,,,,,,
Gloves of Storing,WornItem,,,,,,,,,,,,,,,,,,,,,,,,,,,,,,,,,,,,,,,,,,,,,,,,,,,,,,,,,,,,a55fb5d2-9a05-11ea-bb37-0242ac130002,,,,,7,,,34000,,,,,,,,,
Hat of Disguise (Greater),WornItem,,,,,,,,,,,,,,,,,,,,,,,,,,,,,,,,,,,,,,,,,,,,,,,,,,,,,,,,,,,,a55fb762-9a05-11ea-bb37-0242ac130002,,,,,7,,,34000,,,,,,,,,
Aeon Stone (Tourmaline Sphere),WornItem,,,,,,,,,,,,,,,,,,,,,,,,,,,,,,,,,,,,,,,,,,,,,,,,,,,,,,,,,,,,a55fb820-9a05-11ea-bb37-0242ac130002,,,,,7,,,35000,,,,,,,,,
Cloak of Elvenkind,WornItem,,,,,,,,,,,,,,,,,,,,,,,,,,,,,,,,,,,,,,,L,,,,,,,,,,,,,,,,,,,,,a55fb8e8-9a05-11ea-bb37-0242ac130002,,,,,7,,,36000,,,,,,,,,
Ring of Wizardry (Type I),WornItem,,,,,,,,,,,,,,,,,,,,,,,,,,,,,,,,,,,,,,,,,,,,,,,,,,,,,,,,,,,,a55fbadc-9a05-11ea-bb37-0242ac130002,,,,,7,,,36000,,,,,,,,,
Bracers of Armor I,WornItem,,,,,,,,,,,,,,,,,,,,,,,,,,,,,,,,,,,,,,,L,,,,,,,,,,,,,,,,,,,,,a55fbba4-9a05-11ea-bb37-0242ac130002,,,,,8,,,45000,,,,,,,,,
Moonstone Diadem,WornItem,,,,,,,,,,,,,,,,,,,,,,,,,,,,,,,,,,,,,,,L,,,,,,,,,,,,,,,,,,,,,a55fbc62-9a05-11ea-bb37-0242ac130002,,,,,8,,,50000,,,,,,,,,
Necklace of Fireballs III,WornItem,,,,,,,,,,,,,,,,,,,,,,,,,,,,,,,,,,,,,,,,,,,,,,,,,,,,,,,,,,,,a55fbd20-9a05-11ea-bb37-0242ac130002,,,,,9,,,30000,,,,,,,,,
Nonmagical Heartstone,WornItem,,,,,,,,,,,,,,,,,,,,,,,,,,,,,,,,,,,,,,,,,,,,,,,,,,,,,,,,,,,,a55fbdde-9a05-11ea-bb37-0242ac130002,,,,,9,,,20000,,,,,,,,,
Heartstone,WornItem,,,,,,,,,,,,,,,,,,,,,,,,,,,,,,,,,,,,,,,,,,,,,,,,,,,,,,,,,,,,a55fc02c-9a05-11ea-bb37-0242ac130002,,,,,9,,,60000,,,,,,,,,
Armbands of Athleticism,WornItem,,,,,,,,,,,,,,,,,,,,,,,,,,,,,,,,,,,,,,,L,,,,,,,,,,,,,,,,,,,,,a55fc0f4-9a05-11ea-bb37-0242ac130002,,,,,9,,,64500,,,,,,,,,
Belt of the Five Kings,WornItem,,,,,,,,,,,,,,,,,,,,,,,,,,,,,,,,,,,,,,,L,,,,,,,,,,,,,,,,,,,,,a55fc1a8-9a05-11ea-bb37-0242ac130002,,,,,9,,,65000,,,,,,,,,
Bracers of Missile Deflection (Greater),WornItem,,,,,,,,,,,,,,,,,,,,,,,,,,,,,,,,,,,,,,,L,,,,,,,,,,,,,,,,,,,,,a55fc25c-9a05-11ea-bb37-0242ac130002,,,,,9,,,65000,,,,,,,,,
Coyote Cloak (Greater),WornItem,,,,,,,,,,,,,,,,,,,,,,,,,,,,,,,,,,,,,,,,,,,,,,,,,,,,,,,,,,,,a55fc31a-9a05-11ea-bb37-0242ac130002,,,,,9,,,65000,,,,,,,,,
Dancing Scarf (Greater),WornItem,,,,,,,,,,,,,,,,,,,,,,,,,,,,,,,,,,,,,,,,,,,,,,,,,,,,,,,,,,,,a55fc3d8-9a05-11ea-bb37-0242ac130002,,,,,9,,,65000,,,,,,,,,
Hat of the Magi (Greater),WornItem,,,,,,,,,,,,,,,,,,,,,,,,,,,,,,,,,,,,,,,,,,,,,,,,,,,,,,,,,,,,a55fc64e-9a05-11ea-bb37-0242ac130002,,,,,9,,,65000,,,,,,,,,
Pendant of the Occult (Greater),WornItem,,,,,,,,,,,,,,,,,,,,,,,,,,,,,,,,,,,,,,,,,,,,,,,,,,,,,,,,,,,,a55fc70c-9a05-11ea-bb37-0242ac130002,,,,,9,,,65000,,,,,,,,,
Persona Mask (Greater),WornItem,,,,,,,,,,,,,,,,,,,,,,,,,,,,,,,,,,,,,,,,,,,,,,,,,,,,,,,,,,,,a55fc7c0-9a05-11ea-bb37-0242ac130002,,,,,9,,,65000,,,,,,,,,
Tracker's Goggles (Greater),WornItem,,,,,,,,,,,,,,,,,,,,,,,,,,,,,,,,,,,,,,,,,,,,,,,,,,,,,,,,,,,,a55fc888-9a05-11ea-bb37-0242ac130002,,,,,9,,,66000,,,,,,,,,
Ventriloquist's Ring (Greater),WornItem,,,,,,,,,,,,,,,,,,,,,,,,,,,,,,,,,,,,,,,,,,,,,,,,,,,,,,,,,,,,a55fc93c-9a05-11ea-bb37-0242ac130002,,,,,9,,,67000,,,,,,,,,
Knapsack of Halflingkind,WornItem,,,,,,,,,,,,,,,,,,,,,,,,,,,,,,,,,,,,,,,L,,,,,,,,,,,,,,,,,,,,,a55fc9fa-9a05-11ea-bb37-0242ac130002,,,,,9,,,67500,,,,,,,,,
Phylactery of Faithfulness,WornItem,,,,,,,,,,,,,,,,,,,,,,,,,,,,,,,,,,,,,,,L,,,,,,,,,,,,,,,,,,,,,a55fcab8-9a05-11ea-bb37-0242ac130002,,,,,9,,,68000,,,,,,,,,
Eyes of the Eagle,WornItem,,,,,,,,,,,,,,,,,,,,,,,,,,,,,,,,,,,,,,,,,,,,,,,,,,,,,,,,,,,,a55fcd7e-9a05-11ea-bb37-0242ac130002,,,,,9,,,70000,,,,,,,,,
Healer's Gloves (Greater),WornItem,,,,,,,,,,,,,,,,,,,,,,,,,,,,,,,,,,,,,,,L,,,,,,,,,,,,,,,,,,,,,a55fce6e-9a05-11ea-bb37-0242ac130002,,,,,9,,,70000,,,,,,,,,
Messenger's Ring,WornItem,,,,,,,,,,,,,,,,,,,,,,,,,,,,,,,,,,,,,,,,,,,,,,,,,,,,,,,,,,,,a55fcf22-9a05-11ea-bb37-0242ac130002,,,,,9,,,70000,,,,,,,,,
Stole of Civility,WornItem,,,,,,,,,,,,,,,,,,,,,,,,,,,,,,,,,,,,,,,L,,,,,,,,,,,,,,,,,,,,,a55fcfe0-9a05-11ea-bb37-0242ac130002,,,,,9,,,70000,,,,,,,,,
Greater Cloak of Repute,WornItem,,,,,,,,,,,,,,,,,,,,,,,,,,,,,,,,,,,,,,,1,,,,,,,,,,,,,,,,,,,,,a55fd09e-9a05-11ea-bb37-0242ac130002,,,,,9,,,130000,,,,,,,,,
Greater Unmemorable Mantle,WornItem,,,,,,,,,,,,,,,,,,,,,,,,,,,,,,,,,,,,,,,1,,,,,,,,,,,,,,,,,,,,,a55fd152-9a05-11ea-bb37-0242ac130002,,,,,9,,,130000,,,,,,,,,
Aluum Charm,WornItem,,,,,,,,,,,,,,,,,,,,,,,,,,,,,,,,,,,,,,,,,,,,,,,,,,,,,,,,,,,,a55fd210-9a05-11ea-bb37-0242ac130002,,,,,10,,,,,,,,,,,,
Miter of Communion,WornItem,,,,,,,,,,,,,,,,,,,,,,,,,,,,,,,,,,,,,,,L,,,,,,,,,,,,,,,,,,,,,a55fd404-9a05-11ea-bb37-0242ac130002,,,,,10,,,80000,,,,,,,,,
Choker of Elocution (Greater),WornItem,,,,,,,,,,,,,,,,,,,,,,,,,,,,,,,,,,,,,,,L,,,,,,,,,,,,,,,,,,,,,a55fd4d6-9a05-11ea-bb37-0242ac130002,,,,,10,,,85000,,,,,,,,,
Ring of Lies,WornItem,,,,,,,,,,,,,,,,,,,,,,,,,,,,,,,,,,,,,,,,,,,,,,,,,,,,,,,,,,,,a55fd594-9a05-11ea-bb37-0242ac130002,,,,,10,,,85000,,,,,,,,,
Winged Boots,WornItem,,,,,,,,,,,,,,,,,,,,,,,,,,,,,,,,,,,,,,,L,,,,,,,,,,,,,,,,,,,,,a55fd652-9a05-11ea-bb37-0242ac130002,,,,,10,,,85000,,,,,,,,,
Clandestine Cloak (Greater),WornItem,,,,,,,,,,,,,,,,,,,,,,,,,,,,,,,,,,,,,,,L,,,,,,,,,,,,,,,,,,,,,a55fd710-9a05-11ea-bb37-0242ac130002,,,,,10,,,90000,,,,,,,,,
Daredevil Boots,WornItem,,,,,,,,,,,,,,,,,,,,,,,,,,,,,,,,,,,,,,,L,,,,,,,,,,,,,,,,,,,,,a55fd7ce-9a05-11ea-bb37-0242ac130002,,,,,10,,,90000,,,,,,,,,
Demon Mask (Greater),WornItem,,,,,,,,,,,,,,,,,,,,,,,,,,,,,,,,,,,,,,,L,,,,,,,,,,,,,,,,,,,,,a55fd9ea-9a05-11ea-bb37-0242ac130002,,,,,10,,,90000,,,,,,,,,
Ring of Counterspells,WornItem,,,,,,,,,,,,,,,,,,,,,,,,,,,,,,,,,,,,,,,,,,,,,,,,,,,,,,,,,,,,a55fdaa8-9a05-11ea-bb37-0242ac130002,,,,,10,,,92500,,,,,,,,,
Cloak of the Bat,WornItem,,,,,,,,,,,,,,,,,,,,,,,,,,,,,,,,,,,,,,,L,,,,,,,,,,,,,,,,,,,,,a55fdb66-9a05-11ea-bb37-0242ac130002,,,,,10,,,95000,,,,,,,,,
Ring of Energy Resistance (Greater),WornItem,,,,,,,,,,,,,,,,,,,,,,,,,,,,,,,,,,,,,,,,,,,,,,,,,,,,,,,,,,,,a55fdc1a-9a05-11ea-bb37-0242ac130002,,,,,10,,,97500,,,,,,,,,
Cape of the Mountebank,WornItem,,,,,,,,,,,,,,,,,,,,,,,,,,,,,,,,,,,,,,,L,,,,,,,,,,,,,,,,,,,,,a55fdcd8-9a05-11ea-bb37-0242ac130002,,,,,10,,,98000,,,,,,,,,
Druid's Vestments,WornItem,,,,,,,,,,,,,,,,,,,,,,,,,,,,,,,,,,,,,,,L,,,,,,,,,,,,,,,,,,,,,a55fdd96-9a05-11ea-bb37-0242ac130002,,,,,10,,,100000,,,,,,,,,
Handwraps of Mighty Blows,WornItem,,,,,,,,,,,,,,,,,,,,,,,,,,,,,,,,,,,,,,,,,,,,,,"As you invest these embroidered strips of cloth, you must meditate and slowly wrap them around your hands. These handwraps have weapon runes etched into them to give your unarmed attacks the benefits of those runes, making your unarmed attacks work like magic weapons. For example, +1 striking handwraps of mighty blows would give you a +1 item bonus to attack rolls with your unarmed attacks and increase the damage of your unarmed attacks from one weapon die to two (normally 2d4 instead of 1d4, but if your fists have a different weapon damage die or you have other unarmed attacks, use two of that die size instead).

You can upgrade, add, and transfer runes to and from the handwraps just as you would for a weapon, and you can attach talismans to the handwraps. Treat the handwraps as melee weapons of the brawling group with light Bulk for these purposes. Property runes apply only when they would be applicable to the unarmed attack you're using. For example, a property that must be applied to a slashing weapon wouldn't function when you attacked with a fist, but you would gain its benefits if you attacked with a claw or some other slashing unarmed attack.",,,,,,,,,,,,,,89c3c5ab-8e09-11ea-9fab-e92c63c14723,,,TRUE,,10,weapon,2,100000,,1,,,Invested,Magical,Transmutation,,worn gloves
Ring of Wizardry (Type II),WornItem,,,,,,,,,,,,,,,,,,,,,,,,,,,,,,,,,,,,,,,,,,,,,,,,,,,,,,,,,,,,a55fe098-9a05-11ea-bb37-0242ac130002,,,,,10,,,100000,,,,,,,,,
Necklace of Fireballs IV,WornItem,,,,,,,,,,,,,,,,,,,,,,,,,,,,,,,,,,,,,,,,,,,,,,,,,,,,,,,,,,,,a55fe156-9a05-11ea-bb37-0242ac130002,,,,,11,,,70000,,,,,,,,,
Cassock of Devotion,WornItem,,,,,,,,,,,,,,,,,,,,,,,,,,,,,,,,,,,,,,,L,,,,,,,,,,,,,,,,,,,,,a55fe214-9a05-11ea-bb37-0242ac130002,,,,,11,,,115000,,,,,,,,,
Ring of Manical Devices,WornItem,,,,,,,,,,,,,,,,,,,,,,,,,,,,,,,,,,,,,,,,,,,,,,,,,,,,,,,,,,,,a55fe2c8-9a05-11ea-bb37-0242ac130002,,,,,11,,,117500,,,,,,,,,
Crafter's Eyepiece (Greater),WornItem,,,,,,,,,,,,,,,,,,,,,,,,,,,,,,,,,,,,,,,,,,,,,,,,,,,,,,,,,,,,a55fe386-9a05-11ea-bb37-0242ac130002,,,,,11,,,120000,,,,,,,,,
Boots of Elvenkind (Greater),WornItem,,,,,,,,,,,,,,,,,,,,,,,,,,,,,,,,,,,,,,,L,,,,,,,,,,,,,,,,,,,,,a55fe444-9a05-11ea-bb37-0242ac130002,,,,,11,,,125000,,,,,,,,,
Goggles of Night (Greater),WornItem,,,,,,,,,,,,,,,,,,,,,,,,,,,,,,,,,,,,,,,,,,,,,,,,,,,,,,,,,,,,a55fe61a-9a05-11ea-bb37-0242ac130002,,,,,11,,,125000,,,,,,,,,
Gorget of the Primal Roar,WornItem,,,,,,,,,,,,,,,,,,,,,,,,,,,,,,,,,,,,,,,L,,,,,,,,,,,,,,,,,,,,,a55fe6d8-9a05-11ea-bb37-0242ac130002,,,,,11,,,125000,,,,,,,,,
Doubling Rings (Greater),WornItem,,,,,,,,,,,,,,,,,,,,,,,,,,,,,,,,,,,,,,,,gold,,iron,,propertyRunes,FALSE,"This item consists of two magically linked rings: an intricate, gleaming golden ring with a square-cut ruby, and a thick, plain iron ring. When you wield a melee weapon in the hand wearing the golden ring, the weapon's fundamental runes are replicated onto any melee weapon you wield in the hand wearing the iron ring. (The fundamental runes are weapon potency and striking, which add an item bonus to attack rolls and extra weapon damage dice, respectively.) Any fundamental runes on the weapon in the hand wearing the iron ring are suppressed.

The replication functions only if you wear both rings, and it ends as soon as you cease wielding a melee weapon in one of your hands. Consequently, the benefit doesn't apply to thrown attacks or if you're holding a weapon but not wielding it (such as holding in one hand a weapon that requires two hands to wield).",,,,,,,,,,,,,,89c3ecb9-8e09-11ea-9fab-e92c63c14723,,Doubling Rings (Greater),,,11,,,130000,,,Greater,"The rings also replicate property runes from the weapon in the gold-ringed hand, so long as the weapon in the iron-ringed hand meets all the prerequisites for a given rune and is not a specific weapon. The weapon in the iron-ringed hand gains the benefits of those runes. All its own runes are suppressed. When you invest the rings, you can elect for the rings to transfer only fundamental runes, in which case they function as standard doubling rings.",Evocation,Invested,Magical,,worn
Alchemist Goggles (Greater),WornItem,,,,,,,,,,,,,,,,,,,,,,,,,,,,,,,,,,,,,,,,,,,,,,,,,,,,,,,,,,,,a55fe854-9a05-11ea-bb37-0242ac130002,,,,,11,,,140000,,,,,,,,,
Cloak of Elvenkind (Greater),WornItem,,,,,,,,,,,,,,,,,,,,,,,,,,,,,,,,,,,,,,,L,,,,,,,,,,,,,,,,,,,,,a55fe908-9a05-11ea-bb37-0242ac130002,,,,,12,,,175000,,,,,,,,,
Ring of Climbing,WornItem,,,,,,,,,,,,,,,,,,,,,,,,,,,,,,,,,,,,,,,,,,,,,,,,,,,,,,,,,,,,a55fe9c6-9a05-11ea-bb37-0242ac130002,,,,,12,,,175000,,,,,,,,,
Ring of Swimming,WornItem,,,,,,,,,,,,,,,,,,,,,,,,,,,,,,,,,,,,,,,,,,,,,,,,,,,,,,,,,,,,a55febb0-9a05-11ea-bb37-0242ac130002,,,,,12,,,175000,,,,,,,,,
Ring of Stoneshifting,WornItem,,,,,,,,,,,,,,,,,,,,,,,,,,,,,,,,,,,,,,,L,,,,,,,,,,,,,,,,,,,,,a55fec78-9a05-11ea-bb37-0242ac130002,,,,,12,,,180000,,,,,,,,,
Aeon Stone (Pink Rhomboid),WornItem,,,,,,,,,,,,,,,,,,,,,,,,,,,,,,,,,,,,,,,,,,,,,,,,,,,,,,,,,,,,a55fed36-9a05-11ea-bb37-0242ac130002,,,,,12,,,190000,,,,,,,,,
Aeon Stone (Black Pearl),WornItem,,,,,,,,,,,,,,,,,,,,,,,,,,,,,,,,,,,,,,,,,,,,,,,,,,,,,,,,,,,,a55fedea-9a05-11ea-bb37-0242ac130002,,,,,12,,,200000,,,,,,,,,
Berserker's Cloak,WornItem,,,,,,,,,,,,,,,,,,,,,,,,,,,,,,,,,,,,,,,1,,,,,,,,,,,,,,,,,,,,,a55feea8-9a05-11ea-bb37-0242ac130002,,,,,12,,,200000,,,,,,,,,
Handwraps of Mighty Blows,WornItem,,,,,,,,,,,,,,,,,,,,,,,,,,,,,,,,,,,,,,,,,,,,,,"As you invest these embroidered strips of cloth, you must meditate and slowly wrap them around your hands. These handwraps have weapon runes etched into them to give your unarmed attacks the benefits of those runes, making your unarmed attacks work like magic weapons. For example, +1 striking handwraps of mighty blows would give you a +1 item bonus to attack rolls with your unarmed attacks and increase the damage of your unarmed attacks from one weapon die to two (normally 2d4 instead of 1d4, but if your fists have a different weapon damage die or you have other unarmed attacks, use two of that die size instead).

You can upgrade, add, and transfer runes to and from the handwraps just as you would for a weapon, and you can attach talismans to the handwraps. Treat the handwraps as melee weapons of the brawling group with light Bulk for these purposes. Property runes apply only when they would be applicable to the unarmed attack you're using. For example, a property that must be applied to a slashing weapon wouldn't function when you attacked with a fist, but you would gain its benefits if you attacked with a claw or some other slashing unarmed attack.",,,,,,,,,,,,,,89c3c5ae-8e09-11ea-9fab-e92c63c14723,,,TRUE,,12,weapon,2,200000,,2,,,Invested,Magical,Transmutation,,worn gloves
Ring of Wizardry (Type III),WornItem,,,,,,,,,,,,,,,,,,,,,,,,,,,,,,,,,,,,,,,,,,,,,,,,,,,,,,,,,,,,a55ff150-9a05-11ea-bb37-0242ac130002,,,,,12,,,200000,,,,,,,,,
Necklace of Fireballs V,WornItem,,,,,,,,,,,,,,,,,,,,,,,,,,,,,,,,,,,,,,,,,,,,,,,,,,,,,,,,,,,,a55ff222-9a05-11ea-bb37-0242ac130002,,,,,13,,,160000,,,,,,,,,
Aeon Stone (Pale Lavender Ellipsoid),WornItem,,,,,,,,,,,,,,,,,,,,,,,,,,,,,,,,,,,,,,,,,,,,,,,,,,,,,,,,,,,,a55ff2d6-9a05-11ea-bb37-0242ac130002,,,,,13,,,220000,,,,,,,,,
Eye of Fortune,WornItem,,,,,,,,,,,,,,,,,,,,,,,,,,,,,,,,,,,,,,,,,,,,,,,,,,,,,,,,,,,,a55ff402-9a05-11ea-bb37-0242ac130002,,,,,13,,,270000,,,,,,,,,
Ring of the Ram (Greater),WornItem,,,,,,,,,,,,,,,,,,,,,,,,,,,,,,,,,,,,,,,,,,,,,,,,,,,,,,,,,,,,a55ff4de-9a05-11ea-bb37-0242ac130002,,,,,13,,,270000,,,,,,,,,
Knapsack of Halflingkind (Greater),WornItem,,,,,,,,,,,,,,,,,,,,,,,,,,,,,,,,,,,,,,,L,,,,,,,,,,,,,,,,,,,,,a55ff59c-9a05-11ea-bb37-0242ac130002,,,,,13,,,285000,,,,,,,,,
Boots of Speed,WornItem,,,,,,,,,,,,,,,,,,,,,,,,,,,,,,,,,,,,,,,L,,,,,,,,,,,,,,,,,,,,,a55ff772-9a05-11ea-bb37-0242ac130002,,,,,13,,,300000,,,,,,,,,
Bracers of Armor II,WornItem,,,,,,,,,,,,,,,,,,,,,,,,,,,,,,,,,,,,,,,L,,,,,,,,,,,,,,,,,,,,,a55ff83a-9a05-11ea-bb37-0242ac130002,,,,,14,,,400000,,,,,,,,,
Pactmaster's Grace,WornItem,,,,,,,,,,,,,,,,,,,,,,,,,,,,,,,,,,,,,,,,,,,,,,,,,,,,,,,,,,,,a55ff8f8-9a05-11ea-bb37-0242ac130002,,,,,14,,,400000,,,,,,,,,
Boots of Bounding (Greater),WornItem,,,,,,,,,,,,,,,,,,,,,,,,,,,,,,,,,,,,,,,L,,,,,,,,,,,,,,,,,,,,,a55ff9ac-9a05-11ea-bb37-0242ac130002,,,,,14,,,425000,,,,,,,,,
Ring of Energy Resistance (Major),WornItem,,,,,,,,,,,,,,,,,,,,,,,,,,,,,,,,,,,,,,,,,,,,,,,,,,,,,,,,,,,,a55ffa60-9a05-11ea-bb37-0242ac130002,,,,,14,,,440000,,,,,,,,,
Ring of Wizardry (Type IV),WornItem,,,,,,,,,,,,,,,,,,,,,,,,,,,,,,,,,,,,,,,,,,,,,,,,,,,,,,,,,,,,a55ffb1e-9a05-11ea-bb37-0242ac130002,,,,,14,,,450000,,,,,,,,,
Necklace of Fireballs VI,WornItem,,,,,,,,,,,,,,,,,,,,,,,,,,,,,,,,,,,,,,,,,,,,,,,,,,,,,,,,,,,,a55ffdee-9a05-11ea-bb37-0242ac130002,,,,,15,,,420000,,,,,,,,,
Dragonscale Amulet,WornItem,,,,,,,,,,,,,,,,,,,,,,,,,,,,,,,,,,,,,,,,,,,,,,,,,,,,,,,,,,,,a55ffec0-9a05-11ea-bb37-0242ac130002,,,,,15,,,580000,,,,,,,,,
Robe of the Archmagi,WornItem,,,,,,,,,,,,,,,,,,,,,,,,,,,,,,,,,,,,,,,1,,,,,,,,,,,,,,,,,,,,,a55fff88-9a05-11ea-bb37-0242ac130002,,,,,15,,,650000,,,,,,,,,
Aeon Stone (Orange Prism),WornItem,,,,,,,,,,,,,,,,,,,,,,,,,,,,,,,,,,,,,,,,,,,,,,,,,,,,,,,,,,,,a5600046-9a05-11ea-bb37-0242ac130002,,,,,16,,,975000,,,,,,,,,
Handwraps of Mighty Blows,WornItem,,,,,,,,,,,,,,,,,,,,,,,,,,,,,,,,,,,,,,,,,,,,,,"As you invest these embroidered strips of cloth, you must meditate and slowly wrap them around your hands. These handwraps have weapon runes etched into them to give your unarmed attacks the benefits of those runes, making your unarmed attacks work like magic weapons. For example, +1 striking handwraps of mighty blows would give you a +1 item bonus to attack rolls with your unarmed attacks and increase the damage of your unarmed attacks from one weapon die to two (normally 2d4 instead of 1d4, but if your fists have a different weapon damage die or you have other unarmed attacks, use two of that die size instead).

You can upgrade, add, and transfer runes to and from the handwraps just as you would for a weapon, and you can attach talismans to the handwraps. Treat the handwraps as melee weapons of the brawling group with light Bulk for these purposes. Property runes apply only when they would be applicable to the unarmed attack you're using. For example, a property that must be applied to a slashing weapon wouldn't function when you attacked with a fist, but you would gain its benefits if you attacked with a claw or some other slashing unarmed attack.",,,,,,,,,,,,,,89c3c5b1-8e09-11ea-9fab-e92c63c14723,,,TRUE,,16,weapon,3,1000000,,2,,,Invested,Magical,Transmutation,,worn gloves
Necklace of Fireballs VII,WornItem,,,,,,,,,,,,,,,,,,,,,,,,,,,,,,,,,,,,,,,,,,,,,,,,,,,,,,,,,,,,a56001c2-9a05-11ea-bb37-0242ac130002,,,,,17,,,960000,,,,,,,,,
Armbands of Athleticism (Greater),WornItem,,,,,,,,,,,,,,,,,,,,,,,,,,,,,,,,,,,,,,,L,,,,,,,,,,,,,,,,,,,,,a56003de-9a05-11ea-bb37-0242ac130002,,,,,17,,,1300000,,,,,,,,,
Cloak of the Bat (Greater),WornItem,,,,,,,,,,,,,,,,,,,,,,,,,,,,,,,,,,,,,,,L,,,,,,,,,,,,,,,,,,,,,a56004a6-9a05-11ea-bb37-0242ac130002,,,,,17,,,1300000,,,,,,,,,
Phylactery of Faithfulness (Greater),WornItem,,,,,,,,,,,,,,,,,,,,,,,,,,,,,,,,,,,,,,,L,,,,,,,,,,,,,,,,,,,,,a560055a-9a05-11ea-bb37-0242ac130002,,,,,17,,,1300000,,,,,,,,,
Robe of Eyes,WornItem,,,,,,,,,,,,,,,,,,,,,,,,,,,,,,,,,,,,,,,1,,,,,,,,,,,,,,,,,,,,,a5600618-9a05-11ea-bb37-0242ac130002,,,,,17,,,1300000,,,,,,,,,
Messenger's Ring (Greater),WornItem,,,,,,,,,,,,,,,,,,,,,,,,,,,,,,,,,,,,,,,,,,,,,,,,,,,,,,,,,,,,a56006cc-9a05-11ea-bb37-0242ac130002,,,,,17,,,1350000,,,,,,,,,
Daredevil Boots (Greater),WornItem,,,,,,,,,,,,,,,,,,,,,,,,,,,,,,,,,,,,,,,L,,,,,,,,,,,,,,,,,,,,,a560078a-9a05-11ea-bb37-0242ac130002,,,,,17,,,1400000,,,,,,,,,
Voyager's Pack,WornItem,,,,,,,,,,,,,,,,,,,,,,,,,,,,,,,,,,,,,,,,,,,,,,,,,,,,,,,,,,,,a56008c0-9a05-11ea-bb37-0242ac130002,,,,,17,,,1480000,,,,,,,,,
Alchemist Goggles (Major),WornItem,,,,,,,,,,,,,,,,,,,,,,,,,,,,,,,,,,,,,,,,,,,,,,,,,,,,,,,,,,,,a560097e-9a05-11ea-bb37-0242ac130002,,,,,17,,,1500000,,,,,,,,,
Dread Blindfold,WornItem,,,,,,,,,,,,,,,,,,,,,,,,,,,,,,,,,,,,,,,,,,,,,,,,,,,,,,,,,,,,a5600e6a-9a05-11ea-bb37-0242ac130002,,,,,17,,,1500000,,,,,,,,,
Major Cloak of Repute,WornItem,,,,,,,,,,,,,,,,,,,,,,,,,,,,,,,,,,,,,,,1,,,,,,,,,,,,,,,,,,,,,a5600f5a-9a05-11ea-bb37-0242ac130002,,,,,17,,,2175000,,,,,,,,,
Major Unmemorable Mantle,WornItem,,,,,,,,,,,,,,,,,,,,,,,,,,,,,,,,,,,,,,,1,,,,,,,,,,,,,,,,,,,,,a5601022-9a05-11ea-bb37-0242ac130002,,,,,17,,,2175000,,,,,,,,,
Ring of Manical Devices (Greater),WornItem,,,,,,,,,,,,,,,,,,,,,,,,,,,,,,,,,,,,,,,,,,,,,,,,,,,,,,,,,,,,a56010e0-9a05-11ea-bb37-0242ac130002,,,,,18,,,425000,,,,,,,,,
Inexplicable Apparatus,WornItem,,,,,,,,,,,,,,,,,,,,,,,,,,,,,,,,,,,,,,,2,,,,,,,,,,,,,,,,,,,,,a56011a8-9a05-11ea-bb37-0242ac130002,,,,,18,,,1900000,,,,,,,,,
Goggles of Night (Major),WornItem,,,,,,,,,,,,,,,,,,,,,,,,,,,,,,,,,,,,,,,,,,,,,,,,,,,,,,,,,,,,a5601266-9a05-11ea-bb37-0242ac130002,,,,,18,,,2000000,,,,,,,,,
Aeon Stone (Lavender and Green Ellipsoid),WornItem,,,,,,,,,,,,,,,,,,,,,,,,,,,,,,,,,,,,,,,,,,,,,,,,,,,,,,,,,,,,a5601414-9a05-11ea-bb37-0242ac130002,,,,,19,,,3000000,,,,,,,,,
Robe of the Archmagi (Greater),WornItem,,,,,,,,,,,,,,,,,,,,,,,,,,,,,,,,,,,,,,,1,,,,,,,,,,,,,,,,,,,,,a56014e6-9a05-11ea-bb37-0242ac130002,,,,,19,,,3200000,,,,,,,,,
Berserker's Cloak (Greater),WornItem,,,,,,,,,,,,,,,,,,,,,,,,,,,,,,,,,,,,,,,1,,,,,,,,,,,,,,,,,,,,,a56015a4-9a05-11ea-bb37-0242ac130002,,,,,19,,,4000000,,,,,,,,,
Handwraps of Mighty Blows,WornItem,,,,,,,,,,,,,,,,,,,,,,,,,,,,,,,,,,,,,,,,,,,,,,"As you invest these embroidered strips of cloth, you must meditate and slowly wrap them around your hands. These handwraps have weapon runes etched into them to give your unarmed attacks the benefits of those runes, making your unarmed attacks work like magic weapons. For example, +1 striking handwraps of mighty blows would give you a +1 item bonus to attack rolls with your unarmed attacks and increase the damage of your unarmed attacks from one weapon die to two (normally 2d4 instead of 1d4, but if your fists have a different weapon damage die or you have other unarmed attacks, use two of that die size instead).

You can upgrade, add, and transfer runes to and from the handwraps just as you would for a weapon, and you can attach talismans to the handwraps. Treat the handwraps as melee weapons of the brawling group with light Bulk for these purposes. Property runes apply only when they would be applicable to the unarmed attack you're using. For example, a property that must be applied to a slashing weapon wouldn't function when you attacked with a fist, but you would gain its benefits if you attacked with a claw or some other slashing unarmed attack.",,,,,,,,,,,,,,89c3ecb0-8e09-11ea-9fab-e92c63c14723,,,TRUE,,19,weapon,3,4000000,,3,,,Invested,Magical,Transmutation,,worn gloves
Third Eye,WornItem,,,,,,,,,,,,,,,,,,,,,,,,,,,,,,,,,,,,,,,,,,,,,,,,,,,,,,,,,,,,a5601720-9a05-11ea-bb37-0242ac130002,,,,,19,,,4000000,,,,,,,,,
Bracers of Armor III,WornItem,,,,,,,,,,,,,,,,,,,,,,,,,,,,,,,,,,,,,,,L,,,,,,,,,,,,,,,,,,,,,a5601950-9a05-11ea-bb37-0242ac130002,,,,,20,,,6000000,,,,,,,,,
Whisper of the First Lie,WornItem,,,,,,,,,,,,,,,,,,,,,,,,,,,,,,,,,,,,,,,,,,,,,,,,,,,,,,,,,,,,a5601a0e-9a05-11ea-bb37-0242ac130002,,,,,20,,,6000000,,,,,,,,,
Ring of Spell Turning,WornItem,,,,,,,,,,,,,,,,,,,,,,,,,,,,,,,,,,,,,,,,,,,,,,,,,,,,,,,,,,,,a5601b62-9a05-11ea-bb37-0242ac130002,,,,,20,,,6700000,,,,,,,,,
,,,,,,,,,,,,,,,,,,,,,,,,,,,,,,,,,,,,,,,,,,,,,,,,,,,,,,,,,,,,,a5601c3e-9a05-11ea-bb37-0242ac130002,,,,,,,,,,,,,,,,,
